   9.1011645e-03   1.2096133e-02   1.5565210e-02   1.9517339e-02   2.3960475e-02   2.8902119e-02   3.4349597e-02   4.0310207e-02   4.6791302e-02   5.3800313e-02   6.1344749e-02   6.9432175e-02   7.8070163e-02   8.7266233e-02   9.7027777e-02   1.0736196e-01   1.1827564e-01   1.2977519e-01   1.4186642e-01   1.5455440e-01   1.6784328e-01   1.8173613e-01   1.9623474e-01   2.1133939e-01   2.2704868e-01   2.4335928e-01   2.6026573e-01   2.7776025e-01   2.9583254e-01   3.1446968e-01   3.3365599e-01   3.5337309e-01   3.7359995e-01   3.9431310e-01   4.1548705e-01   4.3709478e-01   4.5910853e-01   4.8150069e-01   5.0424496e-01   5.2731753e-01   5.5069817e-01   5.7437108e-01   5.9832479e-01   6.2255063e-01   6.4703854e-01   6.7176881e-01   6.9669786e-01   7.2173591e-01   7.4671501e-01   7.7134750e-01   7.9517940e-01   8.1755028e-01   8.3758103e-01   8.5421822e-01   8.6635927e-01   8.7305710e-01   8.7375771e-01   8.6848632e-01   8.5790285e-01   8.4320349e-01   8.2591006e-01   8.0762189e-01   7.8980037e-01   7.7363250e-01   7.5998351e-01   7.4941749e-01   7.4225209e-01   7.3861925e-01   7.3851675e-01   7.4184524e-01   7.4843188e-01   7.5804326e-01   7.7039079e-01   7.8513143e-01   8.0186587e-01   8.2013637e-01   8.3942613e-01   8.5916271e-01   8.7872819e-01   8.9747899e-01   9.1477783e-01   9.3003849e-01   9.4278066e-01   9.5268687e-01   9.5964859e-01   9.6378617e-01   9.6543047e-01   9.6506488e-01   9.6323987e-01   9.6048332e-01   9.5723032e-01   9.5378724e-01   9.5033020e-01   9.4692815e-01   9.4357767e-01   9.4023942e-01   9.3687056e-01   9.3345040e-01   9.2999768e-01   9.2657875e-01   9.2330679e-01   9.2033291e-01   9.1783090e-01   9.1597784e-01   9.1493334e-01   9.1481984e-01   9.1570653e-01   9.1759885e-01   9.2043447e-01   9.2408622e-01   9.2837107e-01   9.3306385e-01   9.3791372e-01   9.4266143e-01   9.4705556e-01   9.5086638e-01   9.5389652e-01   9.5598815e-01   9.5702677e-01   9.5694206e-01   9.5570630e-01   9.5333087e-01   9.4986126e-01   9.4537099e-01   9.3995466e-01   9.3372063e-01   9.2678378e-01   9.1925902e-01   9.1125632e-01   9.0287761e-01   8.9421589e-01   8.8535684e-01   8.7638310e-01   8.6738146e-01   8.5845186e-01   8.4971621e-01   8.4132388e-01   8.3345163e-01   8.2629690e-01   8.2006534e-01   8.1495409e-01   8.1113293e-01   8.0872489e-01   8.0778864e-01   8.0830469e-01   8.1016839e-01   8.1319206e-01   8.1711776e-01   8.2164035e-01   8.2643849e-01   8.3120917e-01   8.3570071e-01   8.3973934e-01   8.4324603e-01   8.4624223e-01   8.4884519e-01   8.5125460e-01   8.5373309e-01   8.5658260e-01   8.6011827e-01   8.6464087e-01   8.7040842e-01   8.7760801e-01   8.8632931e-01   8.9654243e-01   9.0808357e-01   9.2065234e-01   9.3382401e-01   9.4707777e-01   9.5983915e-01   9.7153112e-01   9.8162622e-01   9.8969108e-01   9.9541689e-01   9.9863237e-01   9.9929982e-01   9.9749799e-01   9.9339677e-01   9.8722914e-01   9.7926444e-01   9.6978570e-01   9.5907215e-01   9.4738702e-01   9.3496999e-01   9.2203332e-01   9.0876065e-01   8.9530770e-01   8.8180391e-01   8.6835476e-01   8.5504422e-01   8.4193711e-01   8.2908142e-01   8.1651025e-01   8.0424363e-01   7.9229017e-01   7.8064851e-01
   9.1014936e-03   1.2113183e-02   1.5603156e-02   1.9580209e-02   2.4052151e-02   2.9026328e-02   3.4509900e-02   4.0509990e-02   4.7033755e-02   5.4088415e-02   6.1681250e-02   6.9819573e-02   7.8510683e-02   8.7761808e-02   9.7580026e-02   1.0797217e-01   1.1894475e-01   1.3050379e-01   1.4265473e-01   1.5540230e-01   1.6875030e-01   1.8270150e-01   1.9725744e-01   2.1241826e-01   2.2818249e-01   2.4454691e-01   2.6150641e-01   2.7905378e-01   2.9717972e-01   3.1587269e-01   3.3511904e-01   3.5490311e-01   3.7520747e-01   3.9601339e-01   4.1730142e-01   4.3905223e-01   4.6124762e-01   4.8387186e-01   5.0691300e-01   5.3036442e-01   5.5422595e-01   5.7850437e-01   6.0321238e-01   6.2836477e-01   6.5396986e-01   6.8001356e-01   7.0643245e-01   7.3307229e-01   7.5962998e-01   7.8558241e-01   8.1011763e-01   8.3210270e-01   8.5014041e-01   8.6276504e-01   8.6877713e-01   8.6762239e-01   8.5964455e-01   8.4607548e-01   8.2876251e-01   8.0976158e-01   7.9095963e-01   7.7384071e-01   7.5942140e-01   7.4830646e-01   7.4079358e-01   7.3697551e-01   7.3681678e-01   7.4020191e-01   7.4696048e-01   7.5687605e-01   7.6968475e-01   7.8506799e-01   8.0264225e-01   8.2194891e-01   8.4244643e-01   8.6350852e-01   8.8443210e-01   9.0445967e-01   9.2282002e-01   9.3878840e-01   9.5176227e-01   9.6134059e-01   9.6738750e-01   9.7005851e-01   9.6977421e-01   9.6714302e-01   9.6285404e-01   9.5757227e-01   9.5186295e-01   9.4615446e-01   9.4073222e-01   9.3575067e-01   9.3125487e-01   9.2720842e-01   9.2352593e-01   9.2010625e-01   9.1686232e-01   9.1374355e-01   9.1074911e-01   9.0793177e-01   9.0539320e-01   9.0327260e-01   9.0173040e-01   9.0092915e-01   9.0101391e-01   9.0209412e-01   9.0422881e-01   9.0741682e-01   9.1159279e-01   9.1662920e-01   9.2234397e-01   9.2851253e-01   9.3488264e-01   9.4119050e-01   9.4717636e-01   9.5259831e-01   9.5724351e-01   9.6093632e-01   9.6354326e-01   9.6497515e-01   9.6518685e-01   9.6417490e-01   9.6197379e-01   9.5865083e-01   9.5430030e-01   9.4903678e-01   9.4298832e-01   9.3628986e-01   9.2907738e-01   9.2148355e-01   9.1363508e-01   9.0565210e-01   8.9764973e-01   8.8974195e-01   8.8204752e-01   8.7469652e-01   8.6783516e-01   8.6162593e-01   8.5624117e-01   8.5184965e-01   8.4859795e-01   8.4658935e-01   8.4586431e-01   8.4638642e-01   8.4803739e-01   8.5062376e-01   8.5389566e-01   8.5757588e-01   8.6139459e-01   8.6512389e-01   8.6860626e-01   8.7177256e-01   8.7464776e-01   8.7734469e-01   8.8004817e-01   8.8299224e-01   8.8643332e-01   8.9062167e-01   8.9577282e-01   9.0204069e-01   9.0949425e-01   9.1809985e-01   9.2771181e-01   9.3807367e-01   9.4883162e-01   9.5955984e-01   9.6979550e-01   9.7907872e-01   9.8699169e-01   9.9319143e-01   9.9743153e-01   9.9957139e-01   9.9957336e-01   9.9749047e-01   9.9344820e-01   9.8762411e-01   9.8022792e-01   9.7148423e-01   9.6161876e-01   9.5084824e-01   9.3937372e-01   9.2737668e-01   9.1501727e-01   9.0243412e-01   8.8974506e-01   8.7704848e-01   8.6442496e-01   8.5193892e-01   8.3964032e-01   8.2756611e-01   8.1574166e-01   8.0418200e-01   7.9289298e-01   7.8187235e-01   7.7111091e-01   7.6059362e-01
   9.1094465e-03   1.2118233e-02   1.5604645e-02   1.9577666e-02   2.4045333e-02   2.9015239e-02   3.4494812e-02   4.0491462e-02   4.7012649e-02   5.4065915e-02   6.1658876e-02   6.9799195e-02   7.8494530e-02   8.7752468e-02   9.7580443e-02   1.0798564e-01   1.1897487e-01   1.3055445e-01   1.4273004e-01   1.5550653e-01   1.6888776e-01   1.8287643e-01   1.9747383e-01   2.1267964e-01   2.2849167e-01   2.4490569e-01   2.6191512e-01   2.7951087e-01   2.9768112e-01   3.1641120e-01   3.3568343e-01   3.5547717e-01   3.7576887e-01   3.9653236e-01   4.1773917e-01   4.3935920e-01   4.6136153e-01   4.8371548e-01   5.0639195e-01   5.2936486e-01   5.5261268e-01   5.7611973e-01   5.9987683e-01   6.2388054e-01   6.4813007e-01   6.7262006e-01   6.9732739e-01   7.2218941e-01   7.4707131e-01   7.7172202e-01   7.9572205e-01   8.1843487e-01   8.3898515e-01   8.5629744e-01   8.6922728e-01   8.7678836e-01   8.7842477e-01   8.7422667e-01   8.6499128e-01   8.5209923e-01   8.3726068e-01   8.2222571e-01   8.0854606e-01   7.9743761e-01   7.8974547e-01   7.8597783e-01   7.8636687e-01   7.9092685e-01   7.9949579e-01   8.1175877e-01   8.2725629e-01   8.4538420e-01   8.6539187e-01   8.8638649e-01   9.0735164e-01   9.2718823e-01   9.4478340e-01   9.5910806e-01   9.6933355e-01   9.7494642e-01   9.7583038e-01   9.7228521e-01   9.6496977e-01   9.5478552e-01   9.4274182e-01   9.2984319e-01   9.1701122e-01   9.0502778e-01   8.9448566e-01   8.8575088e-01   8.7895148e-01   8.7400030e-01   8.7064509e-01   8.6853195e-01   8.6726814e-01   8.6647557e-01   8.6583089e-01   8.6509190e-01   8.6411139e-01   8.6284039e-01   8.6132282e-01   8.5968315e-01   8.5810894e-01   8.5682963e-01   8.5609331e-01   8.5614306e-01   8.5719456e-01   8.5941636e-01   8.6291455e-01   8.6772260e-01   8.7379717e-01   8.8101998e-01   8.8920529e-01   8.9811200e-01   9.0745913e-01   9.1694311e-01   9.2625531e-01   9.3509861e-01   9.4320180e-01   9.5033116e-01   9.5629907e-01   9.6096939e-01   9.6426011e-01   9.6614333e-01   9.6664315e-01   9.6583142e-01   9.6382178e-01   9.6076193e-01   9.5682454e-01   9.5219761e-01   9.4707506e-01   9.4164876e-01   9.3610232e-01   9.3060676e-01   9.2531724e-01   9.2037096e-01   9.1588584e-01   9.1195956e-01   9.0866713e-01   9.0605546e-01   9.0413496e-01   9.0287104e-01   9.0218007e-01   9.0193371e-01   9.0197300e-01   9.0213011e-01   9.0225318e-01   9.0222926e-01   9.0200112e-01   9.0157554e-01   9.0102321e-01   9.0047122e-01   9.0009050e-01   9.0008008e-01   9.0064987e-01   9.0200313e-01   9.0431910e-01   9.0773667e-01   9.1233921e-01   9.1814195e-01   9.2508280e-01   9.3301808e-01   9.4172473e-01   9.5090970e-01   9.6022651e-01   9.6929801e-01   9.7774274e-01   9.8520185e-01   9.9136329e-01   9.9598014e-01   9.9888153e-01   9.9997567e-01   9.9924568e-01   9.9674014e-01   9.9256029e-01   9.8684600e-01   9.7976220e-01   9.7148680e-01   9.6220078e-01   9.5208067e-01   9.4129315e-01   9.2999166e-01   9.1831445e-01   9.0638390e-01   8.9430653e-01   8.8217363e-01   8.7006218e-01   8.5803589e-01   8.4614633e-01   8.3443397e-01   8.2292919e-01   8.1165323e-01   8.0061894e-01   7.8983168e-01   7.7929000e-01   7.6898643e-01
   9.0484418e-03   1.2036697e-02   1.5499451e-02   1.9445731e-02   2.3883615e-02   2.8820764e-02   3.4264701e-02   4.0222957e-02   4.6703152e-02   5.3713023e-02   6.1260429e-02   6.9353323e-02   7.7999716e-02   8.7207617e-02   9.6984962e-02   1.0733953e-01   1.1827882e-01   1.2980999e-01   1.4193965e-01   1.5467379e-01   1.6801755e-01   1.8197511e-01   1.9654946e-01   2.1174221e-01   2.2755341e-01   2.4398130e-01   2.6102211e-01   2.7866992e-01   2.9691639e-01   3.1575069e-01   3.3515939e-01   3.5512643e-01   3.7563317e-01   3.9665862e-01   4.1817969e-01   4.4017170e-01   4.6260898e-01   4.8546567e-01   5.0871654e-01   5.3233787e-01   5.5630807e-01   5.8060766e-01   6.0521828e-01   6.3011947e-01   6.5528247e-01   6.8065909e-01   7.0616392e-01   7.3164818e-01   7.5686448e-01   7.8142511e-01   8.0476193e-01   8.2610473e-01   8.4450350e-01   8.5892126e-01   8.6840797e-01   8.7232765e-01   8.7056747e-01   8.6364234e-01   8.5264706e-01   8.3907511e-01   8.2457177e-01   8.1069842e-01   7.9876538e-01   7.8975476e-01   7.8431915e-01   7.8282271e-01   7.8539316e-01   7.9196567e-01   8.0231155e-01   8.1605246e-01   8.3266447e-01   8.5147791e-01   8.7167999e-01   8.9232774e-01   9.1237935e-01   9.3075078e-01   9.4640094e-01   9.5844090e-01   9.6625119e-01   9.6957977e-01   9.6858815e-01   9.6382302e-01   9.5611584e-01   9.4644225e-01   9.3578580e-01   9.2503544e-01   9.1491892e-01   9.0596032e-01   8.9845727e-01   8.9248348e-01   8.8792067e-01   8.8451358e-01   8.8193487e-01   8.7984649e-01   8.7794901e-01   8.7601537e-01   8.7390922e-01   8.7159013e-01   8.6910826e-01   8.6659121e-01   8.6422545e-01   8.6223461e-01   8.6085631e-01   8.6031948e-01   8.6082349e-01   8.6252058e-01   8.6550257e-01   8.6979261e-01   8.7534231e-01   8.8203409e-01   8.8968845e-01   8.9807503e-01   9.0692659e-01   9.1595436e-01   9.2486384e-01   9.3336957e-01   9.4120820e-01   9.4814924e-01   9.5400307e-01   9.5862628e-01   9.6192446e-01   9.6385262e-01   9.6441368e-01   9.6365496e-01   9.6166316e-01   9.5855770e-01   9.5448288e-01   9.4959929e-01   9.4407536e-01   9.3808002e-01   9.3177722e-01   9.2532267e-01   9.1886260e-01   9.1253456e-01   9.0646988e-01   9.0079698e-01   8.9564359e-01   8.9113515e-01   8.8738746e-01   8.8449399e-01   8.8251060e-01   8.8144231e-01   8.8123626e-01   8.8178389e-01   8.8293275e-01   8.8450657e-01   8.8632991e-01   8.8825315e-01   8.9017343e-01   8.9204834e-01   8.9390072e-01   8.9581468e-01   8.9792420e-01   9.0039618e-01   9.0341021e-01   9.0713671e-01   9.1171548e-01   9.1723584e-01   9.2372032e-01   9.3111333e-01   9.3927655e-01   9.4799206e-01   9.5697396e-01   9.6588754e-01   9.7437409e-01   9.8207843e-01   9.8867550e-01   9.9389257e-01   9.9752471e-01   9.9944227e-01   9.9959070e-01   9.9798394e-01   9.9469352e-01   9.8983539e-01   9.8355643e-01   9.7602193e-01   9.6740493e-01   9.5787781e-01   9.4760609e-01   9.3674422e-01   9.2543306e-01   9.1379861e-01   9.0195171e-01   8.8998841e-01   8.7799062e-01   8.6602716e-01   8.5415471e-01   8.4241889e-01   8.3085522e-01   8.1949008e-01   8.0834154e-01   7.9742012e-01   7.8672957e-01   7.7626763e-01   7.6602675e-01   7.5599494e-01
   9.1720271e-03   1.2202873e-02   1.5714542e-02   1.9715872e-02   2.4214699e-02   2.9218393e-02   3.4734127e-02   4.0769030e-02   4.7330257e-02   5.4425016e-02   6.2060562e-02   7.0244174e-02   7.8983103e-02   8.8284509e-02   9.8155388e-02   1.0860247e-01   1.1963212e-01   1.3125020e-01   1.4346197e-01   1.5627190e-01   1.6968352e-01   1.8369924e-01   1.9832020e-01   2.1354604e-01   2.2937471e-01   2.4580231e-01   2.6282288e-01   2.8042824e-01   2.9860788e-01   3.1734883e-01   3.3663572e-01   3.5645076e-01   3.7677396e-01   3.9758343e-01   4.1885582e-01   4.4056699e-01   4.6269284e-01   4.8521027e-01   5.0809836e-01   5.3133951e-01   5.5492040e-01   5.7883244e-01   6.0307112e-01   6.2763333e-01   6.5251155e-01   6.7768295e-01   7.0309141e-01   7.2862016e-01   7.5405374e-01   7.7903060e-01   8.0299389e-01   8.2515697e-01   8.4451184e-01   8.5991284e-01   8.7025432e-01   8.7472017e-01   8.7302892e-01   8.6557304e-01   8.5338758e-01   8.3796254e-01   8.2097476e-01   8.0402842e-01   7.8847105e-01   7.7531146e-01   7.6522424e-01   7.5860315e-01   7.5562769e-01   7.5632106e-01   7.6059153e-01   7.6825732e-01   7.7905827e-01   7.9265857e-01   8.0864427e-01   8.2651907e-01   8.4570172e-01   8.6552864e-01   8.8526580e-01   9.0413368e-01   9.2134880e-01   9.3618232e-01   9.4803195e-01   9.5649660e-01   9.6143716e-01   9.6300389e-01   9.6161615e-01   9.5789309e-01   9.5255173e-01   9.4630005e-01   9.3975208e-01   9.3337821e-01   9.2748841e-01   9.2223833e-01   9.1764985e-01   9.1364140e-01   9.1006534e-01   9.0674784e-01   9.0352605e-01   9.0027793e-01   8.9694210e-01   8.9352703e-01   8.9011035e-01   8.8683002e-01   8.8386915e-01   8.8143647e-01   8.7974469e-01   8.7898850e-01   8.7932453e-01   8.8085468e-01   8.8361461e-01   8.8756815e-01   8.9260798e-01   8.9856228e-01   9.0520642e-01   9.1227811e-01   9.1949448e-01   9.2656927e-01   9.3322880e-01   9.3922544e-01   9.4434812e-01   9.4842948e-01   9.5134987e-01   9.5303848e-01   9.5347207e-01   9.5267159e-01   9.5069708e-01   9.4764106e-01   9.4362070e-01   9.3876934e-01   9.3322807e-01   9.2713867e-01   9.2063863e-01   9.1385881e-01   9.0692349e-01   8.9995266e-01   8.9306653e-01   8.8639193e-01   8.8006895e-01   8.7425437e-01   8.6911829e-01   8.6483226e-01   8.6155011e-01   8.5938538e-01   8.5839039e-01   8.5854169e-01   8.5973556e-01   8.6179589e-01   8.6449431e-01   8.6758010e-01   8.7081503e-01   8.7400663e-01   8.7703441e-01   8.7986468e-01   8.8255287e-01   8.8523415e-01   8.8810476e-01   8.9139705e-01   8.9535090e-01   9.0018382e-01   9.0606173e-01   9.1307263e-01   9.2120546e-01   9.3033716e-01   9.4023062e-01   9.5054561e-01   9.6086287e-01   9.7071919e-01   9.7964891e-01   9.8722545e-01   9.9309666e-01   9.9700877e-01   9.9881700e-01   9.9848301e-01   9.9606215e-01   9.9168438e-01   9.8553265e-01   9.7782207e-01   9.6878189e-01   9.5864124e-01   9.4761890e-01   9.3591666e-01   9.2371558e-01   9.1117448e-01   8.9842995e-01   8.8559742e-01   8.7277260e-01   8.6003340e-01   8.4744164e-01   8.3504491e-01   8.2287809e-01   8.1096482e-01   7.9931885e-01   7.8794516e-01   7.7684112e-01   7.6599763e-01   7.5540019e-01   7.4503009e-01
   9.0618924e-03   1.2051217e-02   1.5514881e-02   1.9461941e-02   2.3900510e-02   2.8838282e-02   3.4282815e-02   4.0241683e-02   4.6722554e-02   5.3733220e-02   6.1281604e-02   6.9375735e-02   7.8023713e-02   8.7233650e-02   9.7013602e-02   1.0737148e-01   1.1831497e-01   1.2985138e-01   1.4198755e-01   1.5472971e-01   1.6808329e-01   1.8205279e-01   1.9664158e-01   2.1185169e-01   2.2768368e-01   2.4413639e-01   2.6120676e-01   2.7888970e-01   2.9717790e-01   3.1606179e-01   3.3552948e-01   3.5556683e-01   3.7615763e-01   3.9728395e-01   4.1892659e-01   4.4106584e-01   4.6368231e-01   4.8675808e-01   5.1027790e-01   5.3423041e-01   5.5860895e-01   5.8341169e-01   6.0863995e-01   6.3429361e-01   6.6036162e-01   6.8680488e-01   7.1352846e-01   7.4034018e-01   7.6689502e-01   7.9263091e-01   8.1671362e-01   8.3802461e-01   8.5523828e-01   8.6702434e-01   8.7235922e-01   8.7084940e-01   8.6292154e-01   8.4978094e-01   8.3315768e-01   8.1495458e-01   7.9692691e-01   7.8048141e-01   7.6661359e-01   7.5594619e-01   7.4881245e-01   7.4534112e-01   7.4552269e-01   7.4925258e-01   7.5635463e-01   7.6659047e-01   7.7965983e-01   7.9519572e-01   8.1275766e-01   8.3182581e-01   8.5179892e-01   8.7199937e-01   8.9168924e-01   9.1010074e-01   9.2648359e-01   9.4016815e-01   9.5063812e-01   9.5759995e-01   9.6103114e-01   9.6118962e-01   9.5857500e-01   9.5384723e-01   9.4772393e-01   9.4088405e-01   9.3389882e-01   9.2719596e-01   9.2105065e-01   9.1559384e-01   9.1083220e-01   9.0667722e-01   9.0298112e-01   8.9957486e-01   8.9630321e-01   8.9305252e-01   8.8976897e-01   8.8646674e-01   8.8322686e-01   8.8018816e-01   8.7753196e-01   8.7546261e-01   8.7418573e-01   8.7388643e-01   8.7470946e-01   8.7674335e-01   8.8000978e-01   8.8445926e-01   8.8997312e-01   8.9637141e-01   9.0342540e-01   9.1087313e-01   9.1843640e-01   9.2583742e-01   9.3281377e-01   9.3913096e-01   9.4459188e-01   9.4904318e-01   9.5237872e-01   9.5454048e-01   9.5551725e-01   9.5534146e-01   9.5408434e-01   9.5184965e-01   9.4876608e-01   9.4497911e-01   9.4064288e-01   9.3591315e-01   9.3094201e-01   9.2587441e-01   9.2084617e-01   9.1598316e-01   9.1140146e-01   9.0720782e-01   9.0349878e-01   9.0035638e-01   8.9783961e-01   8.9597331e-01   8.9473857e-01   8.9406908e-01   8.9385615e-01   8.9396268e-01   8.9424354e-01   8.9456842e-01   8.9484289e-01   8.9502424e-01   8.9513007e-01   8.9523917e-01   8.9548544e-01   8.9604616e-01   8.9712638e-01   8.9894023e-01   9.0169054e-01   9.0554727e-01   9.1062587e-01   9.1696701e-01   9.2451990e-01   9.3313184e-01   9.4254699e-01   9.5241651e-01   9.6232065e-01   9.7180121e-01   9.8040018e-01   9.8769887e-01   9.9335140e-01   9.9710773e-01   9.9882393e-01   9.9845994e-01   9.9606733e-01   9.9177078e-01   9.8574709e-01   9.7820482e-01   9.6936659e-01   9.5945515e-01   9.4868326e-01   9.3724715e-01   9.2532289e-01   9.1306486e-01   9.0060578e-01   8.8805775e-01   8.7551370e-01   8.6304924e-01   8.5072438e-01   8.3858532e-01   8.2666595e-01   8.1498937e-01   8.0356906e-01   7.9241013e-01   7.8151035e-01   7.7086130e-01   7.6044935e-01   7.5025686e-01   7.4026324e-01   7.3044619e-01
   9.2147558e-03   1.2260074e-02   1.5788452e-02   1.9808721e-02   2.4328703e-02   2.9355736e-02   3.4896956e-02   4.0959440e-02   4.7550274e-02   5.4676587e-02   6.2345537e-02   7.0564282e-02   7.9339935e-02   8.8679492e-02   9.8589750e-02   1.0907722e-01   1.2014799e-01   1.3180763e-01   1.4406105e-01   1.5691230e-01   1.7036448e-01   1.8441948e-01   1.9907787e-01   2.1433863e-01   2.3019902e-01   2.4665436e-01   2.6369785e-01   2.8132041e-01   2.9951058e-01   3.1825444e-01   3.3753562e-01   3.5733539e-01   3.7763289e-01   3.9840549e-01   4.1962934e-01   4.4128011e-01   4.6333392e-01   4.8576851e-01   5.0856452e-01   5.3170682e-01   5.5518559e-01   5.7899691e-01   6.0314200e-01   6.2762431e-01   6.5244280e-01   6.7757949e-01   7.0297865e-01   7.2851486e-01   7.5394828e-01   7.7886907e-01   8.0263993e-01   8.2435844e-01   8.4287408e-01   8.5689934e-01   8.6523288e-01   8.6705696e-01   8.6220608e-01   8.5128524e-01   8.3557859e-01   8.1678975e-01   7.9671924e-01   7.7698730e-01   7.5887013e-01   7.4325850e-01   7.3070179e-01   7.2148797e-01   7.1572334e-01   7.1339540e-01   7.1441538e-01   7.1864349e-01   7.2590174e-01   7.3597837e-01   7.4862710e-01   7.6356353e-01   7.8046002e-01   7.9894056e-01   8.1857672e-01   8.3888646e-01   8.5933776e-01   8.7935972e-01   8.9836367e-01   9.1577631e-01   9.3108428e-01   9.4388589e-01   9.5394054e-01   9.6120249e-01   9.6582553e-01   9.6813147e-01   9.6854681e-01   9.6752387e-01   9.6546866e-01   9.6269394e-01   9.5940501e-01   9.5571350e-01   9.5166726e-01   9.4728414e-01   9.4258156e-01   9.3759838e-01   9.3240849e-01   9.2712675e-01   9.2190789e-01   9.1693923e-01   9.1242829e-01   9.0858659e-01   9.0561142e-01   9.0366752e-01   9.0287070e-01   9.0327526e-01   9.0486668e-01   9.0756038e-01   9.1120661e-01   9.1560086e-01   9.2049830e-01   9.2563064e-01   9.3072351e-01   9.3551276e-01   9.3975830e-01   9.4325488e-01   9.4583944e-01   9.4739510e-01   9.4785222e-01   9.4718704e-01   9.4541815e-01   9.4260139e-01   9.3882329e-01   9.3419340e-01   9.2883612e-01   9.2288278e-01   9.1646517e-01   9.0971132e-01   9.0274386e-01   8.9568076e-01   8.8863817e-01   8.8173504e-01   8.7509923e-01   8.6887256e-01   8.6321147e-01   8.5827943e-01   8.5423039e-01   8.5118551e-01   8.4920820e-01   8.4828358e-01   8.4830748e-01   8.4908855e-01   8.5036479e-01   8.5183243e-01   8.5318259e-01   8.5413881e-01   8.5448881e-01   8.5410552e-01   8.5295579e-01   8.5109769e-01   8.4866984e-01   8.4587611e-01   8.4296907e-01   8.4023409e-01   8.3797517e-01   8.3650216e-01   8.3611889e-01   8.3711101e-01   8.3973245e-01   8.4418977e-01   8.5062412e-01   8.5909150e-01   8.6954298e-01   8.8180795e-01   8.9558439e-01   9.1044038e-01   9.2583035e-01   9.4112732e-01   9.5566904e-01   9.6881225e-01   9.7998691e-01   9.8874124e-01   9.9477100e-01   9.9792936e-01   9.9821867e-01   9.9576802e-01   9.9080289e-01   9.8361239e-01   9.7451894e-01   9.6385312e-01   9.5193476e-01   9.3906028e-01   9.2549526e-01   9.1147120e-01   8.9718515e-01   8.8280130e-01   8.6845350e-01   8.5424840e-01   8.4026855e-01   8.2657541e-01   8.1321206e-01   8.0020556e-01   7.8756912e-01   7.7530392e-01
   9.2432007e-03   1.2306543e-02   1.5856862e-02   1.9903036e-02   2.4452944e-02   2.9513988e-02   3.5093367e-02   4.1198210e-02   4.7835648e-02   5.5012827e-02   6.2736897e-02   7.1014971e-02   7.9854062e-02   8.9261007e-02   9.9242367e-02   1.0980431e-01   1.2095250e-01   1.3269190e-01   1.4502665e-01   1.5795989e-01   1.7149349e-01   1.8562791e-01   2.0036191e-01   2.1569234e-01   2.3161386e-01   2.4811870e-01   2.6519638e-01   2.8283351e-01   3.0101354e-01   3.1971662e-01   3.3891947e-01   3.5859540e-01   3.7871437e-01   3.9924326e-01   4.2014627e-01   4.4138559e-01   4.6292227e-01   4.8471738e-01   5.0673342e-01   5.2893598e-01   5.5129555e-01   5.7378932e-01   5.9640261e-01   6.1912959e-01   6.4197238e-01   6.6493764e-01   6.8802913e-01   7.1123442e-01   7.3450399e-01   7.5772096e-01   7.8066201e-01   8.0295326e-01   8.2403199e-01   8.4313355e-01   8.5932988e-01   8.7164301e-01   8.7923510e-01   8.8163534e-01   8.7892649e-01   8.7181178e-01   8.6153023e-01   8.4965294e-01   8.3783052e-01   8.2756364e-01   8.2004642e-01   8.1609845e-01   8.1616780e-01   8.2037210e-01   8.2854844e-01   8.4029622e-01   8.5500862e-01   8.7189668e-01   8.9001356e-01   9.0828807e-01   9.2557578e-01   9.4073336e-01   9.5271573e-01   9.6068682e-01   9.6412493e-01   9.6289628e-01   9.5727233e-01   9.4788085e-01   9.3560422e-01   9.2145830e-01   9.0648473e-01   8.9166952e-01   8.7787904e-01   8.6580311e-01   8.5590796e-01   8.4841277e-01   8.4329871e-01   8.4034815e-01   8.3920259e-01   8.3942641e-01   8.4056638e-01   8.4220109e-01   8.4397812e-01   8.4563841e-01   8.4702880e-01   8.4810369e-01   8.4891727e-01   8.4960760e-01   8.5037454e-01   8.5145327e-01   8.5308609e-01   8.5549479e-01   8.5885623e-01   8.6328335e-01   8.6881309e-01   8.7540208e-01   8.8292988e-01   8.9120889e-01   8.9999926e-01   9.0902685e-01   9.1800219e-01   9.2663876e-01   9.3466903e-01   9.4185759e-01   9.4801082e-01   9.5298314e-01   9.5668018e-01   9.5905918e-01   9.6012702e-01   9.5993625e-01   9.5857933e-01   9.5618123e-01   9.5289092e-01   9.4887242e-01   9.4429632e-01   9.3933284e-01   9.3414686e-01   9.2889473e-01   9.2372284e-01   9.1876735e-01   9.1415483e-01   9.1000197e-01   9.0641230e-01   9.0346807e-01   9.0121821e-01   8.9966612e-01   8.9876222e-01   8.9840542e-01   8.9845480e-01   8.9874989e-01   8.9913528e-01   8.9948490e-01   8.9972133e-01   8.9982740e-01   8.9984913e-01   8.9989083e-01   9.0010398e-01   9.0067213e-01   9.0179341e-01   9.0366219e-01   9.0645059e-01   9.1029076e-01   9.1525863e-01   9.2136026e-01   9.2852217e-01   9.3658729e-01   9.4531794e-01   9.5440679e-01   9.6349550e-01   9.7219962e-01   9.8013683e-01   9.8695507e-01   9.9235668e-01   9.9611583e-01   9.9808757e-01   9.9820845e-01   9.9648991e-01   9.9300672e-01   9.8788257e-01   9.8127520e-01   9.7336241e-01   9.6433023e-01   9.5436353e-01   9.4363913e-01   9.3232125e-01   9.2055875e-01   9.0848395e-01   8.9621236e-01   8.8384324e-01   8.7146050e-01   8.5913390e-01   8.4692025e-01   8.3486467e-01   8.2300173e-01   8.1135652e-01   7.9994563e-01   7.8877806e-01   7.7785608e-01   7.6717603e-01   7.5672921e-01   7.4650269e-01   7.3648026e-01
   9.2073385e-03   1.2252992e-02   1.5782159e-02   1.9803719e-02   2.4325548e-02   2.9355055e-02   3.4899446e-02   4.0965877e-02   4.7561518e-02   5.4693581e-02   6.2369309e-02   7.0595941e-02   7.9380667e-02   8.8730548e-02   9.8652441e-02   1.0915289e-01   1.2023801e-01   1.3191335e-01   1.4418378e-01   1.5705326e-01   1.7052474e-01   1.8459992e-01   1.9927907e-01   2.1456082e-01   2.3044195e-01   2.4691716e-01   2.6397892e-01   2.8161725e-01   2.9981957e-01   3.1857065e-01   3.3785256e-01   3.5764470e-01   3.7792408e-01   3.9866556e-01   4.1984239e-01   4.4142696e-01   4.6339166e-01   4.8571006e-01   5.0835820e-01   5.3131601e-01   5.5456853e-01   5.7810677e-01   6.0192754e-01   6.2603138e-01   6.5041741e-01   6.7507327e-01   6.9995800e-01   7.2497531e-01   7.4993576e-01   7.7450858e-01   7.9816972e-01   8.2016247e-01   8.3949835e-01   8.5503274e-01   8.6563760e-01   8.7045360e-01   8.6914750e-01   8.6206825e-01   8.5022862e-01   8.3512022e-01   8.1843940e-01   8.0181892e-01   7.8663652e-01   7.7392827e-01   7.6439089e-01   7.5843456e-01   7.5624954e-01   7.5786400e-01   7.6318479e-01   7.7202090e-01   7.8409308e-01   7.9903393e-01   8.1638258e-01   8.3557815e-01   8.5595614e-01   8.7675277e-01   8.9712260e-01   9.1617463e-01   9.3303032e-01   9.4690237e-01   9.5718580e-01   9.6354394e-01   9.6596580e-01   9.6477265e-01   9.6056451e-01   9.5411863e-01   9.4626993e-01   9.3780708e-01   9.2940288e-01   9.2157791e-01   9.1468606e-01   9.0891486e-01   9.0429996e-01   9.0075485e-01   8.9811209e-01   8.9616878e-01   8.9472849e-01   8.9363387e-01   8.9278743e-01   8.9215997e-01   8.9178803e-01   8.9176211e-01   8.9220823e-01   8.9326557e-01   8.9506295e-01   8.9769726e-01   9.0121611e-01   9.0560671e-01   9.1079205e-01   9.1663416e-01   9.2294359e-01   9.2949345e-01   9.3603577e-01   9.4231838e-01   9.4810039e-01   9.5316510e-01   9.5732977e-01   9.6045191e-01   9.6243248e-01   9.6321635e-01   9.6279056e-01   9.6118090e-01   9.5844713e-01   9.5467732e-01   9.4998138e-01   9.4448444e-01   9.3832031e-01   9.3162579e-01   9.2453631e-01   9.1718324e-01   9.0969321e-01   9.0218950e-01   8.9479546e-01   8.8763950e-01   8.8085981e-01   8.7460637e-01   8.6903762e-01   8.6431026e-01   8.6056272e-01   8.5789483e-01   8.5634762e-01   8.5588764e-01   8.5640017e-01   8.5769391e-01   8.5951828e-01   8.6159103e-01   8.6363200e-01   8.6539685e-01   8.6670500e-01   8.6745786e-01   8.6764566e-01   8.6734407e-01   8.6670302e-01   8.6593080e-01   8.6527619e-01   8.6501029e-01   8.6540911e-01   8.6673687e-01   8.6922997e-01   8.7308105e-01   8.7842334e-01   8.8531556e-01   8.9372871e-01   9.0353648e-01   9.1451145e-01   9.2632945e-01   9.3858346e-01   9.5080724e-01   9.6250703e-01   9.7319780e-01   9.8243921e-01   9.8986648e-01   9.9521200e-01   9.9831557e-01   9.9912334e-01   9.9767721e-01   9.9409783e-01   9.8856443e-01   9.8129451e-01   9.7252547e-01   9.6249939e-01   9.5145150e-01   9.3960223e-01   9.2715216e-01   9.1427955e-01   9.0113962e-01   8.8786498e-01   8.7456692e-01   8.6133710e-01   8.4824928e-01   8.3536121e-01   8.2271629e-01   8.1034510e-01   7.9826687e-01   7.8649071e-01   7.7501681e-01
   9.0831729e-03   1.2079488e-02   1.5551477e-02   1.9508334e-02   2.3958323e-02   2.8909297e-02   3.4368979e-02   4.0345110e-02   4.6845528e-02   5.3878188e-02   6.1451168e-02   6.9572640e-02   7.8250821e-02   8.7493913e-02   9.7310023e-02   1.0770707e-01   1.1869266e-01   1.3027399e-01   1.4245768e-01   1.5524962e-01   1.6865479e-01   1.8267710e-01   1.9731917e-01   2.1258210e-01   2.2846532e-01   2.4496630e-01   2.6208040e-01   2.7980068e-01   2.9811774e-01   3.1701964e-01   3.3649188e-01   3.5651749e-01   3.7707726e-01   3.9815013e-01   4.1971379e-01   4.4174551e-01   4.6422324e-01   4.8712693e-01   5.1044006e-01   5.3415119e-01   5.5825532e-01   5.8275443e-01   6.0765647e-01   6.3297137e-01   6.5870203e-01   6.8482761e-01   7.1127541e-01   7.3787824e-01   7.6431583e-01   7.9004542e-01   8.1423906e-01   8.3576310e-01   8.5325009e-01   8.6530470e-01   8.7083097e-01   8.6938039e-01   8.6136328e-01   8.4801302e-01   8.3112096e-01   8.1266475e-01   7.9447116e-01   7.7800597e-01   7.6430986e-01   7.5403937e-01   7.4755348e-01   7.4500070e-01   7.4638550e-01   7.5160982e-01   7.6049320e-01   7.7277734e-01   7.8812040e-01   8.0608562e-01   8.2612836e-01   8.4758599e-01   8.6967576e-01   8.9150708e-01   9.1211467e-01   9.3051791e-01   9.4580693e-01   9.5724772e-01   9.6438725e-01   9.6713060e-01   9.6576191e-01   9.6089486e-01   9.5336425e-01   9.4409399e-01   9.3398112e-01   9.2381707e-01   9.1424217e-01   9.0571962e-01   8.9852280e-01   8.9273984e-01   8.8829908e-01   8.8501195e-01   8.8262428e-01   8.8086624e-01   8.7949396e-01   8.7831965e-01   8.7722939e-01   8.7618940e-01   8.7524239e-01   8.7449558e-01   8.7410241e-01   8.7424025e-01   8.7508624e-01   8.7679402e-01   8.7947357e-01   8.8317619e-01   8.8788605e-01   8.9351878e-01   8.9992672e-01   9.0690974e-01   9.1422994e-01   9.2162833e-01   9.2884157e-01   9.3561739e-01   9.4172751e-01   9.4697751e-01   9.5121352e-01   9.5432586e-01   9.5625012e-01   9.5696589e-01   9.5649380e-01   9.5489097e-01   9.5224522e-01   9.4866830e-01   9.4428862e-01   9.3924396e-01   9.3367519e-01   9.2772136e-01   9.2151686e-01   9.1519028e-01   9.0886528e-01   9.0266299e-01   8.9670561e-01   8.9111927e-01   8.8603379e-01   8.8157689e-01   8.7786245e-01   8.7497445e-01   8.7295053e-01   8.7176939e-01   8.7134554e-01   8.7153371e-01   8.7214277e-01   8.7295746e-01   8.7376426e-01   8.7437712e-01   8.7465891e-01   8.7453567e-01   8.7400270e-01   8.7312295e-01   8.7201948e-01   8.7086398e-01   8.6986343e-01   8.6924606e-01   8.6924739e-01   8.7009668e-01   8.7200348e-01   8.7514431e-01   8.7964924e-01   8.8558894e-01   8.9296276e-01   9.0168934e-01   9.1160127e-01   9.2244569e-01   9.3389218e-01   9.4554862e-01   9.5698432e-01   9.6775846e-01   9.7745047e-01   9.8568862e-01   9.9217306e-01   9.9669084e-01   9.9912165e-01   9.9943481e-01   9.9767926e-01   9.9396893e-01   9.8846605e-01   9.8136446e-01   9.7287469e-01   9.6321153e-01   9.5258445e-01   9.4119089e-01   9.2921194e-01   9.1680999e-01   9.0412792e-01   8.9128926e-01   8.7839911e-01   8.6554538e-01   8.5280019e-01   8.4022143e-01   8.2785407e-01   8.1573152e-01   8.0387677e-01   7.9230348e-01
   9.1388559e-03   1.2154445e-02   1.5648438e-02   1.9629887e-02   2.4106873e-02   2.9087039e-02   3.4577874e-02   4.0586860e-02   4.7121549e-02   5.4189595e-02   6.1798745e-02   6.9956825e-02   7.8671687e-02   8.7951156e-02   9.7802946e-02   1.0823458e-01   1.1925327e-01   1.3086583e-01   1.4307848e-01   1.5589676e-01   1.6932533e-01   1.8336781e-01   1.9802657e-01   2.1330254e-01   2.2919502e-01   2.4570144e-01   2.6281716e-01   2.8053531e-01   2.9884657e-01   3.1773906e-01   3.3719829e-01   3.5720709e-01   3.7774574e-01   3.9879214e-01   4.2032214e-01   4.4231007e-01   4.6472932e-01   4.8755317e-01   5.1075564e-01   5.3431232e-01   5.5820097e-01   5.8240153e-01   6.0689487e-01   6.3165962e-01   6.5666567e-01   6.8186288e-01   7.0716312e-01   7.3241395e-01   7.5736359e-01   7.8161976e-01   8.0461091e-01   8.2556655e-01   8.4354138e-01   8.5750831e-01   8.6652829e-01   8.6996796e-01   8.6769574e-01   8.6017609e-01   8.4841971e-01   8.3381144e-01   8.1788096e-01   8.0208758e-01   7.8766971e-01   7.7557676e-01   7.6647013e-01   7.6076327e-01   7.5867303e-01   7.6026493e-01   7.6548518e-01   7.7417932e-01   7.8609977e-01   8.0090566e-01   8.1815839e-01   8.3731634e-01   8.5773261e-01   8.7866005e-01   8.9926879e-01   9.1868134e-01   9.3602886e-01   9.5052813e-01   9.6157164e-01   9.6881410e-01   9.7223139e-01   9.7212856e-01   9.6908570e-01   9.6385270e-01   9.5722416e-01   9.4993114e-01   9.4257150e-01   9.3557910e-01   9.2921956e-01   9.2360261e-01   9.1870780e-01   9.1442182e-01   9.1058261e-01   9.0702303e-01   9.0360705e-01   9.0025465e-01   8.9695423e-01   8.9376373e-01   8.9080237e-01   8.8823566e-01   8.8625577e-01   8.8505988e-01   8.8482831e-01   8.8570462e-01   8.8777915e-01   8.9107751e-01   8.9555493e-01   9.0109652e-01   9.0752352e-01   9.1460440e-01   9.2206954e-01   9.2962800e-01   9.3698469e-01   9.4385645e-01   9.4998592e-01   9.5515252e-01   9.5918007e-01   9.6194132e-01   9.6335942e-01   9.6340688e-01   9.6210240e-01   9.5950595e-01   9.5571237e-01   9.5084369e-01   9.4504075e-01   9.3845456e-01   9.3123845e-01   9.2354173e-01   9.1550569e-01   9.0726204e-01   8.9893399e-01   8.9063990e-01   8.8249984e-01   8.7464374e-01   8.6721877e-01   8.6039233e-01   8.5434765e-01   8.4927106e-01   8.4533250e-01   8.4266270e-01   8.4133101e-01   8.4132826e-01   8.4255814e-01   8.4484017e-01   8.4792513e-01   8.5152190e-01   8.5533181e-01   8.5908500e-01   8.6257262e-01   8.6566993e-01   8.6834762e-01   8.7067099e-01   8.7278881e-01   8.7491445e-01   8.7730242e-01   8.8022256e-01   8.8393363e-01   8.8865778e-01   8.9455675e-01   9.0171120e-01   9.1010484e-01   9.1961532e-01   9.3001394e-01   9.4097574e-01   9.5210014e-01   9.6294074e-01   9.7304084e-01   9.8197005e-01   9.8935705e-01   9.9491401e-01   9.9845043e-01   9.9987567e-01   9.9919195e-01   9.9648029e-01   9.9188269e-01   9.8558342e-01   9.7779146e-01   9.6872574e-01   9.5860341e-01   9.4763149e-01   9.3600134e-01   9.2388552e-01   9.1143637e-01   8.9878600e-01   8.8604696e-01   8.7331350e-01   8.6066302e-01   8.4815756e-01   8.3584528e-01   8.2376185e-01   8.1193169e-01   8.0036908e-01   7.8907930e-01   7.7805957e-01
   9.0615449e-03   1.2056529e-02   1.5527636e-02   1.9484092e-02   2.3934203e-02   2.8885882e-02   3.4346926e-02   4.0325167e-02   4.6828551e-02   5.3865159e-02   6.1443215e-02   6.9571055e-02   7.8257081e-02   8.7509703e-02   9.7337257e-02   1.0774791e-01   1.1874955e-01   1.3034966e-01   1.4255517e-01   1.5537230e-01   1.6880638e-01   1.8286163e-01   1.9754099e-01   2.1284585e-01   2.2877585e-01   2.4532858e-01   2.6249938e-01   2.8028106e-01   2.9866368e-01   3.1763439e-01   3.3717720e-01   3.5727296e-01   3.7789937e-01   3.9903103e-01   4.2063977e-01   4.4269506e-01   4.6516457e-01   4.8801501e-01   5.1121297e-01   5.3472594e-01   5.5852309e-01   5.8257572e-01   6.0685674e-01   6.3133860e-01   6.5598859e-01   6.8076015e-01   7.0557880e-01   7.3032103e-01   7.5478556e-01   7.7865840e-01   8.0147720e-01   8.2260658e-01   8.4124281e-01   8.5646959e-01   8.6737886e-01   8.7324736e-01   8.7372650e-01   8.6898006e-01   8.5971484e-01   8.4709194e-01   8.3255220e-01   8.1761069e-01   8.0367279e-01   7.9190828e-01   7.8319479e-01   7.7811775e-01   7.7700203e-01   7.7995257e-01   7.8688968e-01   7.9757353e-01   8.1161790e-01   8.2849604e-01   8.4754327e-01   8.6796187e-01   8.8883465e-01   9.0915429e-01   9.2787501e-01   9.4399024e-01   9.5663369e-01   9.6519076e-01   9.6939590e-01   9.6938462e-01   9.6567474e-01   9.5907342e-01   9.5053625e-01   9.4102259e-01   9.3138337e-01   9.2229148e-01   9.1420529e-01   9.0735664e-01   9.0176396e-01   8.9727161e-01   8.9360936e-01   8.9045879e-01   8.8751363e-01   8.8452556e-01   8.8133267e-01   8.7787158e-01   8.7417608e-01   8.7036583e-01   8.6662832e-01   8.6319679e-01   8.6032649e-01   8.5827105e-01   8.5726063e-01   8.5748299e-01   8.5906863e-01   8.6208050e-01   8.6650888e-01   8.7227135e-01   8.7921761e-01   8.8713847e-01   8.9577825e-01   9.0484933e-01   9.1404772e-01   9.2306862e-01   9.3162075e-01   9.3943889e-01   9.4629400e-01   9.5200061e-01   9.5642171e-01   9.5947099e-01   9.6111284e-01   9.6136029e-01   9.6027098e-01   9.5794132e-01   9.5449896e-01   9.5009386e-01   9.4488884e-01   9.3905052e-01   9.3274202e-01   9.2611812e-01   9.1932314e-01   9.1249113e-01   9.0574839e-01   8.9921816e-01   8.9302655e-01   8.8730742e-01   8.8220286e-01   8.7785690e-01   8.7440273e-01   8.7194616e-01   8.7054962e-01   8.7022079e-01   8.7090858e-01   8.7250800e-01   8.7487341e-01   8.7783851e-01   8.8123992e-01   8.8494038e-01   8.8884760e-01   8.9292579e-01   8.9719792e-01   9.0173855e-01   9.0665829e-01   9.1208182e-01   9.1812233e-01   9.2485522e-01   9.3229473e-01   9.4037670e-01   9.4895048e-01   9.5778213e-01   9.6656916e-01   9.7496524e-01   9.8261119e-01   9.8916738e-01   9.9434248e-01   9.9791456e-01   9.9974232e-01   9.9976653e-01   9.9800317e-01   9.9453103e-01   9.8947654e-01   9.8299826e-01   9.7527274e-01   9.6648275e-01   9.5680831e-01   9.4642029e-01   9.3547629e-01   9.2411839e-01   9.1247225e-01   9.0064713e-01   8.8873648e-01   8.7681897e-01   8.6495958e-01   8.5321077e-01   8.4161358e-01   8.3019868e-01   8.1898733e-01   8.0799227e-01   7.9721858e-01   7.8666452e-01   7.7632244e-01   7.6617973e-01   7.5621983e-01   7.4642340e-01
   9.2758164e-03   1.2358147e-02   1.5931169e-02   2.0003510e-02   2.4582822e-02   2.9676279e-02   3.5290836e-02   4.1433362e-02   4.8110695e-02   5.5329660e-02   6.3097052e-02   7.1419597e-02   8.0303891e-02   8.9756322e-02   9.9782978e-02   1.1038954e-01   1.2158115e-01   1.3336229e-01   1.4573659e-01   1.5870671e-01   1.7227414e-01   1.8643898e-01   2.0119980e-01   2.1655339e-01   2.3249458e-01   2.4901602e-01   2.6610806e-01   2.8375853e-01   3.0195268e-01   3.2067309e-01   3.3989972e-01   3.5961005e-01   3.7977929e-01   4.0038078e-01   4.2138663e-01   4.4276841e-01   4.6449817e-01   4.8654965e-01   5.0889954e-01   5.3152891e-01   5.5442449e-01   5.7757942e-01   6.0099314e-01   6.2466949e-01   6.4861198e-01   6.7281457e-01   6.9724618e-01   7.2182667e-01   7.4639281e-01   7.7065494e-01   7.9414948e-01   8.1620101e-01   8.3591778e-01   8.5225177e-01   8.6414736e-01   8.7077076e-01   8.7176085e-01   8.6740391e-01   8.5865033e-01   8.4696175e-01   8.3405014e-01   8.2160076e-01   8.1105663e-01   8.0350376e-01   7.9965080e-01   7.9986782e-01   8.0424514e-01   8.1264608e-01   8.2474307e-01   8.4003720e-01   8.5786702e-01   8.7741466e-01   8.9771873e-01   9.1770313e-01   9.3623004e-01   9.5218160e-01   9.6456715e-01   9.7264268e-01   9.7601698e-01   9.7471314e-01   9.6916059e-01   9.6011553e-01   9.4853696e-01   9.3546083e-01   9.2190105e-01   9.0877670e-01   8.9684912e-01   8.8666515e-01   8.7852025e-01   8.7245699e-01   8.6830061e-01   8.6571987e-01   8.6429693e-01   8.6359283e-01   8.6320097e-01   8.6278557e-01   8.6210535e-01   8.6102435e-01   8.5951179e-01   8.5763367e-01   8.5553787e-01   8.5343492e-01   8.5157598e-01   8.5022970e-01   8.4965938e-01   8.5010173e-01   8.5174840e-01   8.5473131e-01   8.5911245e-01   8.6487870e-01   8.7194186e-01   8.8014349e-01   8.8926422e-01   8.9903657e-01   9.0916012e-01   9.1931792e-01   9.2919280e-01   9.3848269e-01   9.4691386e-01   9.5425170e-01   9.6030862e-01   9.6494919e-01   9.6809245e-01   9.6971193e-01   9.6983329e-01   9.6853009e-01   9.6591754e-01   9.6214460e-01   9.5738470e-01   9.5182588e-01   9.4566144e-01   9.3908224e-01   9.3227143e-01   9.2540165e-01   9.1863434e-01   9.1212109e-01   9.0600677e-01   9.0043345e-01   8.9554269e-01   8.9147312e-01   8.8835102e-01   8.8627501e-01   8.8529862e-01   8.8541641e-01   8.8655872e-01   8.8859817e-01   8.9136758e-01   8.9468613e-01   8.9838851e-01   9.0235050e-01   9.0650598e-01   9.1085185e-01   9.1544060e-01   9.2036210e-01   9.2571843e-01   9.3159585e-01   9.3803847e-01   9.4502749e-01   9.5246914e-01   9.6019327e-01   9.6796272e-01   9.7549219e-01   9.8247343e-01   9.8860297e-01   9.9360781e-01   9.9726597e-01   9.9941933e-01   9.9997858e-01   9.9892078e-01   9.9628164e-01   9.9214434e-01   9.8662721e-01   9.7987163e-01   9.7203137e-01   9.6326379e-01   9.5372319e-01   9.4355600e-01   9.3289775e-01   9.2187129e-01   9.1058599e-01   8.9913776e-01   8.8760938e-01   8.7607120e-01   8.6458195e-01   8.5318963e-01   8.4193230e-01   8.3083892e-01   8.1993012e-01   8.0921891e-01   7.9871137e-01   7.8840741e-01   7.7830143e-01   7.6838322e-01   7.5863873e-01   7.4905110e-01   7.3960159e-01
   9.1430062e-03   1.2162575e-02   1.5661319e-02   1.9648247e-02   2.4131394e-02   2.9118357e-02   3.4616576e-02   4.0633480e-02   4.7176567e-02   5.4253433e-02   6.1871774e-02   7.0039356e-02   7.8763978e-02   8.8053412e-02   9.7915327e-02   1.0835720e-01   1.1938623e-01   1.3100917e-01   1.4323227e-01   1.5606106e-01   1.6950025e-01   1.8355351e-01   1.9822329e-01   2.1351067e-01   2.2941510e-01   2.4593425e-01   2.6306378e-01   2.8079717e-01   2.9912559e-01   3.1803772e-01   3.3751976e-01   3.5755540e-01   3.7812595e-01   3.9921054e-01   4.2078654e-01   4.4283001e-01   4.6531645e-01   4.8822153e-01   5.1152205e-01   5.3519665e-01   5.5922633e-01   5.8359419e-01   6.0828377e-01   6.3327502e-01   6.5853649e-01   6.8401205e-01   7.0959980e-01   7.3512176e-01   7.6028384e-01   7.8462996e-01   8.0750119e-01   8.2802086e-01   8.4513510e-01   8.5773618e-01   8.6487084e-01   8.6598869e-01   8.6114139e-01   8.5104400e-01   8.3696767e-01   8.2050775e-01   8.0331298e-01   7.8685843e-01   7.7231243e-01   7.6050198e-01   7.5194675e-01   7.4692252e-01   7.4552510e-01   7.4772066e-01   7.5337931e-01   7.6229413e-01   7.7418931e-01   7.8872145e-01   8.0547699e-01   8.2396884e-01   8.4363488e-01   8.6384159e-01   8.8389624e-01   9.0307136e-01   9.2064438e-01   9.3595276e-01   9.4846039e-01   9.5782464e-01   9.6394735e-01   9.6699178e-01   9.6735312e-01   9.6558491e-01   9.6229959e-01   9.5807175e-01   9.5336892e-01   9.4852074e-01   9.4372150e-01   9.3905320e-01   9.3451747e-01   9.3006906e-01   9.2564759e-01   9.2120483e-01   9.1672557e-01   9.1224039e-01   9.0783008e-01   9.0362228e-01   8.9978174e-01   8.9649591e-01   8.9395767e-01   8.9234705e-01   8.9181366e-01   8.9246146e-01   8.9433723e-01   8.9742366e-01   9.0163773e-01   9.0683426e-01   9.1281430e-01   9.1933724e-01   9.2613537e-01   9.3292953e-01   9.3944439e-01   9.4542224e-01   9.5063434e-01   9.5488950e-01   9.5803971e-01   9.5998294e-01   9.6066340e-01   9.6006978e-01   9.5823164e-01   9.5521446e-01   9.5111337e-01   9.4604597e-01   9.4014461e-01   9.3354876e-01   9.2639821e-01   9.1882802e-01   9.1096549e-01   9.0292951e-01   8.9483221e-01   8.8678319e-01   8.7889595e-01   8.7129536e-01   8.6412355e-01   8.5754124e-01   8.5172214e-01   8.4684040e-01   8.4305267e-01   8.4047795e-01   8.3917877e-01   8.3914693e-01   8.4029696e-01   8.4246945e-01   8.4544520e-01   8.4896905e-01   8.5278040e-01   8.5664549e-01   8.6038649e-01   8.6390271e-01   8.6718145e-01   8.7029782e-01   8.7340436e-01   8.7671269e-01   8.8046921e-01   8.8492722e-01   8.9031698e-01   8.9681588e-01   9.0452057e-01   9.1342391e-01   9.2339992e-01   9.3420032e-01   9.4546489e-01   9.5674659e-01   9.6754924e-01   9.7737269e-01   9.8575846e-01   9.9232875e-01   9.9681299e-01   9.9905930e-01   9.9903144e-01   9.9679443e-01   9.9249318e-01   9.8632859e-01   9.7853469e-01   9.6935907e-01   9.5904756e-01   9.4783349e-01   9.3593076e-01   9.2353017e-01   9.1079805e-01   8.9787654e-01   8.8488479e-01   8.7192080e-01   8.5906339e-01   8.4637418e-01   8.3389948e-01   8.2167206e-01   8.0971263e-01   7.9803135e-01   7.8662910e-01   7.7549883e-01   7.6462688e-01   7.5399430e-01
   9.1576227e-03   1.2190326e-02   1.5705148e-02   1.9711020e-02   2.4215929e-02   2.9227426e-02   3.4752898e-02   4.0799709e-02   4.7375282e-02   5.4487115e-02   6.2142788e-02   7.0349929e-02   7.9116168e-02   8.8449075e-02   9.8356079e-02   1.0884438e-01   1.1992081e-01   1.3159177e-01   1.4386302e-01   1.5673956e-01   1.7022546e-01   1.8432366e-01   1.9903579e-01   2.1436192e-01   2.3030040e-01   2.4684759e-01   2.6399767e-01   2.8174239e-01   3.0007092e-01   3.1896969e-01   3.3842224e-01   3.5840923e-01   3.7890845e-01   3.9989497e-01   4.2134147e-01   4.4321861e-01   4.6549568e-01   4.8814135e-01   5.1112450e-01   5.3441519e-01   5.5798535e-01   5.8180925e-01   6.0586296e-01   6.3012235e-01   6.5455868e-01   6.7913033e-01   7.0376929e-01   7.2836080e-01   7.5271519e-01   7.7653302e-01   7.9936841e-01   8.2060171e-01   8.3944025e-01   8.5497013e-01   8.6627571e-01   8.7262018e-01   8.7364442e-01   8.6951400e-01   8.6095256e-01   8.4914587e-01   8.3555283e-01   8.2168559e-01   8.0891906e-01   7.9836852e-01   7.9084337e-01   7.8685855e-01   7.8667481e-01   7.9034391e-01   7.9774573e-01   8.0861321e-01   8.2254639e-01   8.3901954e-01   8.5738614e-01   8.7688703e-01   8.9666741e-01   9.1580805e-01   9.3337500e-01   9.4848937e-01   9.6041273e-01   9.6863661e-01   9.7295612e-01   9.7350481e-01   9.7073324e-01   9.6533041e-01   9.5810801e-01   9.4988097e-01   9.4137343e-01   9.3316090e-01   9.2564290e-01   9.1903676e-01   9.1338897e-01   9.0860394e-01   9.0448721e-01   9.0079553e-01   8.9728483e-01   8.9374892e-01   8.9004592e-01   8.8611196e-01   8.8196405e-01   8.7769438e-01   8.7345852e-01   8.6945950e-01   8.6592949e-01   8.6311051e-01   8.6123527e-01   8.6050909e-01   8.6109398e-01   8.6309561e-01   8.6655394e-01   8.7143814e-01   8.7764606e-01   8.8500841e-01   8.9329722e-01   9.0223798e-01   9.1152444e-01   9.2083492e-01   9.2984876e-01   9.3826192e-01   9.4580052e-01   9.5223184e-01   9.5737223e-01   9.6109209e-01   9.6331780e-01   9.6403112e-01   9.6326617e-01   9.6110440e-01   9.5766749e-01   9.5310868e-01   9.4760272e-01   9.4133551e-01   9.3449456e-01   9.2726156e-01   9.1980790e-01   9.1229289e-01   9.0486424e-01   8.9766057e-01   8.9081587e-01   8.8446495e-01   8.7874713e-01   8.7380427e-01   8.6977045e-01   8.6675389e-01   8.6481532e-01   8.6394896e-01   8.6407191e-01   8.6502583e-01   8.6659195e-01   8.6851722e-01   8.7054706e-01   8.7245874e-01   8.7408941e-01   8.7535467e-01   8.7625595e-01   8.7687713e-01   8.7737276e-01   8.7795067e-01   8.7885155e-01   8.8032755e-01   8.8262102e-01   8.8594422e-01   8.9046047e-01   8.9626727e-01   9.0338250e-01   9.1173482e-01   9.2116005e-01   9.3140476e-01   9.4213814e-01   9.5297182e-01   9.6348628e-01   9.7326090e-01   9.8190411e-01   9.8907975e-01   9.9452667e-01   9.9806952e-01   9.9962085e-01   9.9917526e-01   9.9679794e-01   9.9260991e-01   9.8677224e-01   9.7947095e-01   9.7090396e-01   9.6127051e-01   9.5076318e-01   9.3956245e-01   9.2783327e-01   9.1572334e-01   9.0336252e-01   8.9086318e-01   8.7832104e-01   8.6581628e-01   8.5341486e-01   8.4116976e-01   8.2912228e-01   8.1730313e-01   8.0573352e-01   7.9442608e-01
   9.2479927e-03   1.2314316e-02   1.5868072e-02   1.9918089e-02   2.4472186e-02   2.9537705e-02   3.5121779e-02   4.1231478e-02   4.7873877e-02   5.5056080e-02   6.2785203e-02   7.1068346e-02   7.9912535e-02   8.9324649e-02   9.9311337e-02   1.0987891e-01   1.2103321e-01   1.3277951e-01   1.4512232e-01   1.5806526e-01   1.7161084e-01   1.8576033e-01   2.0051347e-01   2.1586836e-01   2.3182117e-01   2.4836594e-01   2.6549444e-01   2.8319592e-01   3.0145702e-01   3.2026164e-01   3.3959098e-01   3.5942357e-01   3.7973550e-01   4.0050077e-01   4.2169185e-01   4.4328039e-01   4.6523825e-01   4.8753869e-01   5.1015772e-01   5.3307568e-01   5.5627856e-01   5.7975902e-01   6.0351632e-01   6.2755451e-01   6.5187732e-01   6.7647809e-01   7.0132242e-01   7.2632065e-01   7.5128856e-01   7.7589653e-01   7.9961399e-01   8.2166591e-01   8.4103133e-01   8.5652150e-01   8.6696310e-01   8.7146802e-01   8.6970796e-01   8.6207683e-01   8.4966152e-01   8.3403314e-01   8.1694696e-01   8.0005694e-01   7.8472198e-01   7.7192902e-01   7.6231008e-01   7.5620797e-01   7.5375161e-01   7.5491917e-01   7.5958211e-01   7.6753154e-01   7.7849095e-01   7.9211989e-01   8.0801258e-01   8.2569463e-01   8.4462091e-01   8.6417763e-01   8.8369187e-01   9.0245186e-01   9.1974089e-01   9.3488566e-01   9.4731667e-01   9.5663291e-01   9.6265768e-01   9.6546944e-01   9.6539379e-01   9.6295219e-01   9.5877733e-01   9.5351703e-01   9.4775129e-01   9.4193895e-01   9.3639635e-01   9.3130049e-01   9.2670733e-01   9.2257906e-01   9.1881674e-01   9.1529518e-01   9.1189601e-01   9.0853473e-01   9.0517928e-01   9.0185871e-01   8.9866246e-01   8.9573162e-01   8.9324390e-01   8.9139434e-01   8.9037418e-01   8.9034975e-01   8.9144374e-01   8.9372045e-01   8.9717660e-01   9.0173825e-01   9.0726411e-01   9.1355449e-01   9.2036466e-01   9.2742106e-01   9.3443856e-01   9.4113713e-01   9.4725661e-01   9.5256868e-01   9.5688560e-01   9.6006572e-01   9.6201594e-01   9.6269165e-01   9.6209450e-01   9.6026844e-01   9.5729435e-01   9.5328347e-01   9.4836991e-01   9.4270280e-01   9.3643866e-01   9.2973502e-01   9.2274564e-01   9.1561799e-01   9.0849255e-01   9.0150422e-01   8.9478548e-01   8.8847070e-01   8.8269963e-01   8.7761684e-01   8.7336463e-01   8.7006865e-01   8.6781856e-01   8.6664846e-01   8.6652260e-01   8.6733105e-01   8.6889788e-01   8.7100182e-01   8.7340602e-01   8.7589180e-01   8.7828991e-01   8.8050407e-01   8.8252344e-01   8.8442314e-01   8.8635414e-01   8.8852492e-01   8.9117746e-01   8.9455998e-01   8.9889816e-01   9.0436662e-01   9.1106235e-01   9.1898275e-01   9.2801107e-01   9.3791246e-01   9.4834329e-01   9.5887430e-01   9.6902599e-01   9.7831150e-01   9.8628063e-01   9.9255784e-01   9.9686883e-01   9.9905279e-01   9.9906074e-01   9.9694260e-01   9.9282729e-01   9.8690003e-01   9.7938030e-01   9.7050277e-01   9.6050225e-01   9.4960293e-01   9.3801138e-01   9.2591267e-01   9.1346885e-01   9.0081895e-01   8.8808012e-01   8.7534925e-01   8.6270478e-01   8.5020871e-01   8.3790834e-01   8.2583797e-01   8.1402041e-01   8.0246832e-01   7.9118549e-01   7.8016803e-01   7.6940558e-01   7.5888244e-01   7.4857891e-01   7.3847250e-01
   9.2684578e-03   1.2348204e-02   1.5917907e-02   1.9986231e-02   2.4560836e-02   2.9648883e-02   3.5257305e-02   4.1392941e-02   4.8062608e-02   5.5273120e-02   6.3031275e-02   7.1343824e-02   8.0217408e-02   8.9658495e-02   9.9673283e-02   1.1026761e-01   1.2144681e-01   1.3321564e-01   1.4557805e-01   1.5853712e-01   1.7209480e-01   1.8625182e-01   2.0100744e-01   2.1635928e-01   2.3230314e-01   2.4883284e-01   2.6593999e-01   2.8361392e-01   3.0184158e-01   3.2060745e-01   3.3989362e-01   3.5967991e-01   3.7994408e-01   4.0066229e-01   4.2180956e-01   4.4336052e-01   4.6529033e-01   4.8757564e-01   5.1019574e-01   5.3313358e-01   5.5637657e-01   5.7991659e-01   6.0374892e-01   6.2786888e-01   6.5226529e-01   6.7690893e-01   7.0173436e-01   7.2661322e-01   7.5131847e-01   7.7548164e-01   7.9855045e-01   8.1976243e-01   8.3815853e-01   8.5266380e-01   8.6224921e-01   8.6615496e-01   8.6411149e-01   8.5647223e-01   8.4419924e-01   8.2870633e-01   8.1161902e-01   7.9452828e-01   7.7880197e-01   7.6548690e-01   7.5529602e-01   7.4865038e-01   7.4574158e-01   7.4659129e-01   7.5109689e-01   7.5906152e-01   7.7021071e-01   7.8419935e-01   8.0061243e-01   8.1896306e-01   8.3869067e-01   8.5916273e-01   8.7968365e-01   8.9951459e-01   9.1790770e-01   9.3415663e-01   9.4766100e-01   9.5799699e-01   9.6497880e-01   9.6869210e-01   9.6948261e-01   9.6789489e-01   9.6457408e-01   9.6015785e-01   9.5518859e-01   9.5006397e-01   9.4502638e-01   9.4017981e-01   9.3552115e-01   9.3097711e-01   9.2644185e-01   9.2181179e-01   9.1701418e-01   9.1202702e-01   9.0688915e-01   9.0170124e-01   8.9661882e-01   8.9183953e-01   8.8758625e-01   8.8408822e-01   8.8156160e-01   8.8019114e-01   8.8011427e-01   8.8140877e-01   8.8408492e-01   8.8808273e-01   8.9327420e-01   8.9947053e-01   9.0643328e-01   9.1388850e-01   9.2154248e-01   9.2909785e-01   9.3626856e-01   9.4279314e-01   9.4844524e-01   9.5304131e-01   9.5644544e-01   9.5857151e-01   9.5938292e-01   9.5889039e-01   9.5714788e-01   9.5424706e-01   9.5031026e-01   9.4548234e-01   9.3992198e-01   9.3379338e-01   9.2725936e-01   9.2047661e-01   9.1359331e-01   9.0674873e-01   9.0007452e-01   8.9369755e-01   8.8774367e-01   8.8234047e-01   8.7761589e-01   8.7369022e-01   8.7066167e-01   8.6858861e-01   8.6747393e-01   8.6725681e-01   8.6781543e-01   8.6898135e-01   8.7056358e-01   8.7237779e-01   8.7427536e-01   8.7616682e-01   8.7803626e-01   8.7994478e-01   8.8202374e-01   8.8445927e-01   8.8747043e-01   8.9128316e-01   8.9610198e-01   9.0208139e-01   9.0929903e-01   9.1773332e-01   9.2724887e-01   9.3759294e-01   9.4840549e-01   9.5924356e-01   9.6961784e-01   9.7903661e-01   9.8705023e-01   9.9328895e-01   9.9748863e-01   9.9950165e-01   9.9929377e-01   9.9692972e-01   9.9255223e-01   9.8635857e-01   9.7857812e-01   9.6945327e-01   9.5922452e-01   9.4811996e-01   9.3634860e-01   9.2409678e-01   9.1152691e-01   8.9877771e-01   8.8596545e-01   8.7318569e-01   8.6051521e-01   8.4801399e-01   8.3572698e-01   8.2368586e-01   8.1191047e-01   8.0041028e-01   7.8918562e-01   7.7822895e-01   7.6752623e-01   7.5705814e-01   7.4680160e-01   7.3673112e-01
   9.2458292e-03   1.2317326e-02   1.5877649e-02   1.9935576e-02   2.4498885e-02   2.9574873e-02   3.5170624e-02   4.1293150e-02   4.7949464e-02   5.5146593e-02   6.2891572e-02   7.1191406e-02   8.0053011e-02   8.9483147e-02   9.9488320e-02   1.1007468e-01   1.2124792e-01   1.3301307e-01   1.4537446e-01   1.5833543e-01   1.7189824e-01   1.8606383e-01   2.0083161e-01   2.1619929e-01   2.3216260e-01   2.4871512e-01   2.6584806e-01   2.8355005e-01   3.0180704e-01   3.2060210e-01   3.3991548e-01   3.5972459e-01   3.8000419e-01   4.0072669e-01   4.2186261e-01   4.4338130e-01   4.6525181e-01   4.8744397e-01   5.0992981e-01   5.3268492e-01   5.5568995e-01   5.7893179e-01   6.0240404e-01   6.2610613e-01   6.5004009e-01   6.7420341e-01   6.9857633e-01   7.2310113e-01   7.4765165e-01   7.7199229e-01   7.9573003e-01   8.1826963e-01   8.3879307e-01   8.5629364e-01   8.6969468e-01   8.7805916e-01   8.8084727e-01   8.7813010e-01   8.7066294e-01   8.5978028e-01   8.4715532e-01   8.3451273e-01   8.2338222e-01   8.1494803e-01   8.1000244e-01   8.0897322e-01   8.1198307e-01   8.1890963e-01   8.2943127e-01   8.4305642e-01   8.5914135e-01   8.7690381e-01   8.9544077e-01   9.1375830e-01   9.3081979e-01   9.4561598e-01   9.5725402e-01   9.6505550e-01   9.6864450e-01   9.6800256e-01   9.6347032e-01   9.5569056e-01   9.4550760e-01   9.3385335e-01   9.2164850e-01   9.0972935e-01   8.9879384e-01   8.8935887e-01   8.8173121e-01   8.7600112e-01   8.7206350e-01   8.6966222e-01   8.6844679e-01   8.6802993e-01   8.6803800e-01   8.6814984e-01   8.6812310e-01   8.6780841e-01   8.6715326e-01   8.6619711e-01   8.6505962e-01   8.6392364e-01   8.6301454e-01   8.6257759e-01   8.6285477e-01   8.6406277e-01   8.6637351e-01   8.6989870e-01   8.7467931e-01   8.8068075e-01   8.8779390e-01   8.9584168e-01   9.0459039e-01   9.1376453e-01   9.2306370e-01   9.3218015e-01   9.4081542e-01   9.4869508e-01   9.5558072e-01   9.6127890e-01   9.6564681e-01   9.6859505e-01   9.7008769e-01   9.7014011e-01   9.6881486e-01   9.6621585e-01   9.6248101e-01   9.5777393e-01   9.5227478e-01   9.4617160e-01   9.3965267e-01   9.3290077e-01   9.2608946e-01   9.1938116e-01   9.1292706e-01   9.0686846e-01   9.0133899e-01   8.9646575e-01   8.9236666e-01   8.8914197e-01   8.8686067e-01   8.8554488e-01   8.8515778e-01   8.8559997e-01   8.8671734e-01   8.8832006e-01   8.9020959e-01   8.9220812e-01   8.9418482e-01   8.9607399e-01   8.9788270e-01   8.9968763e-01   9.0162289e-01   9.0386123e-01   9.0659160e-01   9.0999543e-01   9.1422364e-01   9.1937603e-01   9.2548472e-01   9.3250304e-01   9.4030118e-01   9.4866981e-01   9.5733170e-01   9.6596069e-01   9.7420606e-01   9.8171930e-01   9.8817999e-01   9.9331742e-01   9.9692585e-01   9.9887209e-01   9.9909569e-01   9.9760304e-01   9.9445718e-01   9.8976534e-01   9.8366599e-01   9.7631677e-01   9.6788411e-01   9.5853489e-01   9.4843026e-01   9.3772134e-01   9.2654660e-01   9.1503046e-01   9.0328288e-01   8.9139953e-01   8.7946251e-01   8.6754116e-01   8.5569313e-01   8.4396533e-01   8.3239494e-01   8.2101034e-01   8.0983197e-01   7.9887306e-01   7.8814042e-01   7.7763510e-01   7.6735312e-01   7.5728611e-01
   9.1226162e-03   1.2135250e-02   1.5626148e-02   1.9604399e-02   2.4078129e-02   2.9055040e-02   3.4542682e-02   4.0548612e-02   4.7080469e-02   5.4146002e-02   6.1753069e-02   6.9909619e-02   7.8623642e-02   8.7903116e-02   9.7755931e-02   1.0818980e-01   1.1921216e-01   1.3083004e-01   1.4304997e-01   1.5587778e-01   1.6931849e-01   1.8337612e-01   1.9805351e-01   2.1335214e-01   2.2927194e-01   2.4581109e-01   2.6296588e-01   2.8073051e-01   2.9909700e-01   3.1805511e-01   3.3759235e-01   3.5769404e-01   3.7834356e-01   3.9952265e-01   4.2121199e-01   4.4339183e-01   4.6604295e-01   4.8914766e-01   5.1269094e-01   5.3666148e-01   5.6105230e-01   5.8586043e-01   6.1108485e-01   6.3672125e-01   6.6275190e-01   6.8912808e-01   7.1574210e-01   7.4238664e-01   7.6870142e-01   7.9411329e-01   8.1778721e-01   8.3862027e-01   8.5532100e-01   8.6660482e-01   8.7148821e-01   8.6959184e-01   8.6132044e-01   8.4782932e-01   8.3079252e-01   8.1207277e-01   7.9341258e-01   7.7623149e-01   7.6155424e-01   7.5003963e-01   7.4205773e-01   7.3777259e-01   7.3720866e-01   7.4029493e-01   7.4688955e-01   7.5678962e-01   7.6973114e-01   7.8538289e-01   8.0333731e-01   8.2310118e-01   8.4408895e-01   8.6562254e-01   8.8694205e-01   9.0723227e-01   9.2566921e-01   9.4148779e-01   9.5406531e-01   9.6300715e-01   9.6821255e-01   9.6989667e-01   9.6855365e-01   9.6486513e-01   9.5958038e-01   9.5340410e-01   9.4691965e-01   9.4055415e-01   9.3457511e-01   9.2910493e-01   9.2414587e-01   9.1961282e-01   9.1537124e-01   9.1127544e-01   9.0720184e-01   9.0307356e-01   8.9887467e-01   8.9465466e-01   8.9052436e-01   8.8664522e-01   8.8321370e-01   8.8044265e-01   8.7854125e-01   8.7769529e-01   8.7804939e-01   8.7969239e-01   8.8264739e-01   8.8686702e-01   8.9223440e-01   8.9856938e-01   9.0563957e-01   9.1317464e-01   9.2088274e-01   9.2846723e-01   9.3564258e-01   9.4214813e-01   9.4775910e-01   9.5229451e-01   9.5562185e-01   9.5765901e-01   9.5837356e-01   9.5777995e-01   9.5593476e-01   9.5293036e-01   9.4888727e-01   9.4394539e-01   9.3825510e-01   9.3196910e-01   9.2523611e-01   9.1819696e-01   9.1098333e-01   9.0371863e-01   8.9652127e-01   8.8951020e-01   8.8281179e-01   8.7656553e-01   8.7092475e-01   8.6604971e-01   8.6209285e-01   8.5917890e-01   8.5738441e-01   8.5672130e-01   8.5712825e-01   8.5847252e-01   8.6056295e-01   8.6317267e-01   8.6606848e-01   8.6904164e-01   8.7193528e-01   8.7466383e-01   8.7722234e-01   8.7968508e-01   8.8219486e-01   8.8494520e-01   8.8815762e-01   8.9205633e-01   8.9684200e-01   9.0266643e-01   9.0960972e-01   9.1766210e-01   9.2671274e-01   9.3654778e-01   9.4685920e-01   9.5726478e-01   9.6733760e-01   9.7664143e-01   9.8476707e-01   9.9136456e-01   9.9616674e-01   9.9900197e-01   9.9979558e-01   9.9856193e-01   9.9538988e-01   9.9042489e-01   9.8385057e-01   9.7587190e-01   9.6670108e-01   9.5654674e-01   9.4560633e-01   9.3406121e-01   9.2207406e-01   9.0978784e-01   8.9732600e-01   8.8479334e-01   8.7227732e-01   8.5984955e-01   8.4756724e-01   8.3547470e-01   8.2360460e-01   8.1197918e-01   8.0061136e-01   7.8950572e-01   7.7865946e-01   7.6806339e-01
   9.2292400e-03   1.2282994e-02   1.5821616e-02   1.9854018e-02   2.4388111e-02   2.9431339e-02   3.4990952e-02   4.1074157e-02   4.7688191e-02   5.4840341e-02   6.2537943e-02   7.0788349e-02   7.9598875e-02   8.8976738e-02   9.8928968e-02   1.0946231e-01   1.2058312e-01   1.3229721e-01   1.4460974e-01   1.5752500e-01   1.7104631e-01   1.8517577e-01   1.9991405e-01   2.1526025e-01   2.3121160e-01   2.4776327e-01   2.6490817e-01   2.8263670e-01   3.0093664e-01   3.1979295e-01   3.3918773e-01   3.5910020e-01   3.7950684e-01   4.0038155e-01   4.2169613e-01   4.4342075e-01   4.6552479e-01   4.8797772e-01   5.1075027e-01   5.3381555e-01   5.5715020e-01   5.8073506e-01   6.0455511e-01   6.2859777e-01   6.5284872e-01   6.7728368e-01   7.0185458e-01   7.2646814e-01   7.5095577e-01   7.7503525e-01   7.9826906e-01   8.2003075e-01   8.3949926e-01   8.5570676e-01   8.6765996e-01   8.7453043e-01   8.7586938e-01   8.7177068e-01   8.6291298e-01   8.5046238e-01   8.3587529e-01   8.2066956e-01   8.0622707e-01   7.9366789e-01   7.8380413e-01   7.7715475e-01   7.7399174e-01   7.7439266e-01   7.7828540e-01   7.8548048e-01   7.9569146e-01   8.0854651e-01   8.2359448e-01   8.4030900e-01   8.5809383e-01   8.7629268e-01   8.9420649e-01   9.1112093e-01   9.2634565e-01   9.3926473e-01   9.4939409e-01   9.5643747e-01   9.6032853e-01   9.6124580e-01   9.5959091e-01   9.5592991e-01   9.5090923e-01   9.4516621e-01   9.3925444e-01   9.3359644e-01   9.2846514e-01   9.2398845e-01   9.2016982e-01   9.1691922e-01   9.1409019e-01   9.1151832e-01   9.0905636e-01   9.0660178e-01   9.0411420e-01   9.0162204e-01   8.9921919e-01   8.9705329e-01   8.9530795e-01   8.9418118e-01   8.9386262e-01   8.9451170e-01   8.9623911e-01   8.9909318e-01   9.0305236e-01   9.0802437e-01   9.1385162e-01   9.2032212e-01   9.2718423e-01   9.3416360e-01   9.4098049e-01   9.4736589e-01   9.5307539e-01   9.5789989e-01   9.6167312e-01   9.6427598e-01   9.6563803e-01   9.6573661e-01   9.6459414e-01   9.6227380e-01   9.5887400e-01   9.5452184e-01   9.4936582e-01   9.4356829e-01   9.3729824e-01   9.3072511e-01   9.2401393e-01   9.1732211e-01   9.1079750e-01   9.0457782e-01   8.9879098e-01   8.9355544e-01   8.8897889e-01   8.8515309e-01   8.8214396e-01   8.7997832e-01   8.7863111e-01   8.7801792e-01   8.7799689e-01   8.7838151e-01   8.7896290e-01   8.7953746e-01   8.7993454e-01   8.8003943e-01   8.7980814e-01   8.7927289e-01   8.7853917e-01   8.7777604e-01   8.7720214e-01   8.7706899e-01   8.7764288e-01   8.7918568e-01   8.8193484e-01   8.8608241e-01   8.9175367e-01   8.9898666e-01   9.0771470e-01   9.1775504e-01   9.2880719e-01   9.4046367e-01   9.5223451e-01   9.6358411e-01   9.7397586e-01   9.8291811e-01   9.9000410e-01   9.9493984e-01   9.9755674e-01   9.9780919e-01   9.9575995e-01   9.9155780e-01   9.8541220e-01   9.7756877e-01   9.6828809e-01   9.5782914e-01   9.4643753e-01   9.3433799e-01   9.2173041e-01   9.0878839e-01   8.9565961e-01   8.8246727e-01   8.6931214e-01   8.5627482e-01   8.4341796e-01   8.3078845e-01   8.1841931e-01   8.0633146e-01   7.9453527e-01   7.8303204e-01   7.7181530e-01   7.6087218e-01   7.5018471e-01   7.3973118e-01
   9.2082120e-03   1.2257704e-02   1.5791840e-02   1.9819542e-02   2.4348754e-02   2.9386963e-02   3.4941477e-02   4.1019570e-02   4.7628553e-02   5.4775796e-02   6.2468726e-02   7.0714796e-02   7.9521429e-02   8.8895958e-02   9.8845537e-02   1.0937704e-01   1.2049696e-01   1.3221124e-01   1.4452518e-01   1.5744324e-01   1.7096885e-01   1.8510424e-01   1.9985023e-01   2.1520601e-01   2.3116889e-01   2.4773410e-01   2.6489456e-01   2.8264065e-01   3.0096003e-01   3.1983750e-01   3.3925486e-01   3.5919095e-01   3.7962169e-01   4.0052028e-01   4.2185757e-01   4.4360256e-01   4.6572313e-01   4.8818689e-01   5.1096224e-01   5.3401943e-01   5.5733156e-01   5.8087515e-01   6.0462987e-01   6.2857670e-01   6.5269363e-01   6.7694742e-01   7.0127987e-01   7.2558705e-01   7.4969026e-01   7.7329966e-01   7.9597522e-01   8.1709584e-01   8.3585522e-01   8.5130781e-01   8.6248315e-01   8.6856467e-01   8.6909345e-01   8.6412764e-01   8.5429313e-01   8.4070348e-01   8.2478073e-01   8.0803707e-01   7.9187823e-01   7.7747070e-01   7.6568585e-01   7.5710665e-01   7.5206921e-01   7.5071395e-01   7.5303124e-01   7.5889526e-01   7.6808590e-01   7.8030077e-01   7.9516022e-01   8.1220846e-01   8.3091345e-01   8.5066875e-01   8.7080051e-01   8.9058351e-01   9.0926969e-01   9.2613209e-01   9.4052368e-01   9.5194590e-01   9.6011474e-01   9.6500659e-01   9.6686563e-01   9.6616210e-01   9.6350699e-01   9.5954512e-01   9.5485726e-01   9.4989540e-01   9.4495905e-01   9.4020496e-01   9.3567625e-01   9.3133947e-01   9.2712250e-01   9.2294956e-01   9.1876997e-01   9.1457830e-01   9.1042457e-01   9.0641456e-01   9.0270162e-01   8.9947190e-01   8.9692541e-01   8.9525525e-01   8.9462725e-01   8.9516213e-01   8.9692172e-01   8.9990067e-01   9.0402405e-01   9.0915096e-01   9.1508336e-01   9.2157912e-01   9.2836757e-01   9.3516614e-01   9.4169641e-01   9.4769847e-01   9.5294268e-01   9.5723842e-01   9.6043980e-01   9.6244852e-01   9.6321423e-01   9.6273285e-01   9.6104317e-01   9.5822199e-01   9.5437806e-01   9.4964509e-01   9.4417405e-01   9.3812563e-01   9.3166333e-01   9.2494807e-01   9.1813450e-01   9.1136907e-01   9.0478967e-01   8.9852666e-01   8.9270456e-01   8.8744290e-01   8.8285374e-01   8.7903396e-01   8.7605231e-01   8.7393388e-01   8.7264658e-01   8.7209466e-01   8.7212248e-01   8.7252926e-01   8.7309283e-01   8.7359772e-01   8.7386275e-01   8.7376324e-01   8.7324497e-01   8.7232917e-01   8.7110925e-01   8.6974162e-01   8.6843270e-01   8.6742407e-01   8.6697689e-01   8.6735610e-01   8.6881432e-01   8.7157515e-01   8.7581575e-01   8.8164895e-01   8.8910585e-01   8.9812071e-01   9.0852073e-01   9.2002365e-01   9.3224570e-01   9.4472136e-01   9.5693431e-01   9.6835639e-01   9.7848946e-01   9.8690400e-01   9.9326883e-01   9.9736812e-01   9.9910478e-01   9.9849175e-01   9.9563446e-01   9.9070857e-01   9.8393668e-01   9.7556696e-01   9.6585527e-01   9.5505154e-01   9.4339030e-01   9.3108490e-01   9.1832448e-01   9.0527317e-01   8.9207066e-01   8.7883365e-01   8.6565772e-01   8.5261947e-01   8.3977850e-01   8.2717934e-01   8.1485322e-01   8.0281956e-01   7.9108746e-01   7.7965694e-01   7.6852021e-01   7.5766289e-01
   9.1419791e-03   1.2160081e-02   1.5657174e-02   1.9642328e-02   2.4123646e-02   2.9108793e-02   3.4605280e-02   4.0620617e-02   4.7162383e-02   5.4238259e-02   6.1856028e-02   7.0023550e-02   7.8748718e-02   8.8039402e-02   9.7903373e-02   1.0834822e-01   1.1938123e-01   1.3100932e-01   1.4323885e-01   1.5607552e-01   1.6952422e-01   1.8358885e-01   1.9827218e-01   2.1357563e-01   2.2949915e-01   2.4604105e-01   2.6319783e-01   2.8096406e-01   2.9933235e-01   3.1829329e-01   3.3783552e-01   3.5794592e-01   3.7860989e-01   3.9981184e-01   4.2153577e-01   4.4376613e-01   4.6648887e-01   4.8969255e-01   5.1336956e-01   5.3751712e-01   5.6213771e-01   5.8723826e-01   6.1282692e-01   6.3890603e-01   6.6545865e-01   6.9242576e-01   7.1967086e-01   7.4692923e-01   7.7374389e-01   7.9939839e-01   8.2287270e-01   8.4286545e-01   8.5793176e-01   8.6675588e-01   8.6850388e-01   8.6311970e-01   8.5141820e-01   8.3492471e-01   8.1553890e-01   7.9516418e-01   7.7542645e-01   7.5754074e-01   7.4231116e-01   7.3020741e-01   7.2146167e-01   7.1615267e-01   7.1426529e-01   7.1572704e-01   7.2042652e-01   7.2821999e-01   7.3893009e-01   7.5234007e-01   7.6818541e-01   7.8614423e-01   8.0582788e-01   8.2677316e-01   8.4843839e-01   8.7020643e-01   8.9139854e-01   9.1130312e-01   9.2922241e-01   9.4453626e-01   9.5677601e-01   9.6569333e-01   9.7130346e-01   9.7388338e-01   9.7391758e-01   9.7200293e-01   9.6874112e-01   9.6465091e-01   9.6012019e-01   9.5539830e-01   9.5061515e-01   9.4581186e-01   9.4097337e-01   9.3605943e-01   9.3103250e-01   9.2588049e-01   9.2063277e-01   9.1536824e-01   9.1021530e-01   9.0534477e-01   9.0095708e-01   8.9726549e-01   8.9447715e-01   8.9277384e-01   8.9229423e-01   8.9311930e-01   8.9526239e-01   8.9866473e-01   9.0319698e-01   9.0866639e-01   9.1482887e-01   9.2140451e-01   9.2809497e-01   9.3460105e-01   9.4063886e-01   9.4595364e-01   9.5033022e-01   9.5360022e-01   9.5564582e-01   9.5640050e-01   9.5584726e-01   9.5401471e-01   9.5097127e-01   9.4681784e-01   9.4167922e-01   9.3569481e-01   9.2900954e-01   9.2176618e-01   9.1409995e-01   9.0613605e-01   8.9798988e-01   8.8976984e-01   8.8158307e-01   8.7354405e-01   8.6578428e-01   8.5845963e-01   8.5175090e-01   8.4585537e-01   8.4096957e-01   8.3726651e-01   8.3487154e-01   8.3384091e-01   8.3414699e-01   8.3567333e-01   8.3822169e-01   8.4153175e-01   8.4531123e-01   8.4927204e-01   8.5316651e-01   8.5681760e-01   8.6013888e-01   8.6314190e-01   8.6593163e-01   8.6869171e-01   8.7166243e-01   8.7511407e-01   8.7931792e-01   8.8451664e-01   8.9089552e-01   8.9855653e-01   9.0749717e-01   9.1759718e-01   9.2861572e-01   9.4020140e-01   9.5191572e-01   9.6326815e-01   9.7375845e-01   9.8292030e-01   9.9035943e-01   9.9578110e-01   9.9900386e-01   9.9995970e-01   9.9868287e-01   9.9529122e-01   9.8996408e-01   9.8292023e-01   9.7439826e-01   9.6464064e-01   9.5388196e-01   9.4234093e-01   9.3021562e-01   9.1768125e-01   9.0488965e-01   8.9197004e-01   8.7903034e-01   8.6615896e-01   8.5342662e-01   8.4088816e-01   8.2858419e-01   8.1654261e-01   8.0477997e-01   7.9330270e-01   7.8210832e-01   7.7118663e-01
   9.2169017e-03   1.2267797e-02   1.5803506e-02   1.9833030e-02   2.4364378e-02   2.9405105e-02   3.4962579e-02   4.1044134e-02   4.7657136e-02   5.4809007e-02   6.2507218e-02   7.0759252e-02   7.9572554e-02   8.8954460e-02   9.8912108e-02   1.0945234e-01   1.2058158e-01   1.3230570e-01   1.4462987e-01   1.5755840e-01   1.7109455e-01   1.8524035e-01   1.9999637e-01   2.1536155e-01   2.3133294e-01   2.4790548e-01   2.6507182e-01   2.8282212e-01   3.0114387e-01   3.2002179e-01   3.3943775e-01   3.5937084e-01   3.7979751e-01   4.0069182e-01   4.2202590e-01   4.4377058e-01   4.6589623e-01   4.8837376e-01   5.1117583e-01   5.3427811e-01   5.5766039e-01   5.8130739e-01   6.0520858e-01   6.2935646e-01   6.5374206e-01   6.7834635e-01   7.0312558e-01   7.2798883e-01   7.5276628e-01   7.7716906e-01   8.0074579e-01   8.2284849e-01   8.4262947e-01   8.5909688e-01   8.7124972e-01   8.7828506e-01   8.7982570e-01   8.7608370e-01   8.6788763e-01   8.5655986e-01   8.4369312e-01   8.3090206e-01   8.1961732e-01   8.1096130e-01   8.0570897e-01   8.0430830e-01   8.0692700e-01   8.1349993e-01   8.2376502e-01   8.3728540e-01   8.5346170e-01   8.7154112e-01   8.9063097e-01   9.0972479e-01   9.2774825e-01   9.4362933e-01   9.5639182e-01   9.6526281e-01   9.6977509e-01   9.6983813e-01   9.6575302e-01   9.5816101e-01   9.4793886e-01   9.3607413e-01   9.2355415e-01   9.1128263e-01   9.0001727e-01   8.9031922e-01   8.8251758e-01   8.7670060e-01   8.7273970e-01   8.7034080e-01   8.6910961e-01   8.6861731e-01   8.6845701e-01   8.6828620e-01   8.6785421e-01   8.6701578e-01   8.6573290e-01   8.6406711e-01   8.6216472e-01   8.6023690e-01   8.5853669e-01   8.5733456e-01   8.5689430e-01   8.5745056e-01   8.5918960e-01   8.6223419e-01   8.6663352e-01   8.7235876e-01   8.7930417e-01   8.8729360e-01   8.9609153e-01   9.0541756e-01   9.1496318e-01   9.2440917e-01   9.3344260e-01   9.4177207e-01   9.4914041e-01   9.5533453e-01   9.6019194e-01   9.6360436e-01   9.6551845e-01   9.6593408e-01   9.6490038e-01   9.6250979e-01   9.5889043e-01   9.5419681e-01   9.4859993e-01   9.4227745e-01   9.3540526e-01   9.2815161e-01   9.2067382e-01   9.1311781e-01   9.0562008e-01   8.9831232e-01   8.9132834e-01   8.8481116e-01   8.7891697e-01   8.7381221e-01   8.6966226e-01   8.6661337e-01   8.6477171e-01   8.6418469e-01   8.6482893e-01   8.6660817e-01   8.6936262e-01   8.7288885e-01   8.7696745e-01   8.8139354e-01   8.8600463e-01   8.9070070e-01   8.9545333e-01   9.0030262e-01   9.0534314e-01   9.1070135e-01   9.1650831e-01   9.2287117e-01   9.2984752e-01   9.3742559e-01   9.4551320e-01   9.5393694e-01   9.6245202e-01   9.7076149e-01   9.7854191e-01   9.8547190e-01   9.9125913e-01   9.9566218e-01   9.9850506e-01   9.9968335e-01   9.9916277e-01   9.9697183e-01   9.9319066e-01   9.8793823e-01   9.8135961e-01   9.7361448e-01   9.6486763e-01   9.5528157e-01   9.4501119e-01   9.3420031e-01   9.2297958e-01   9.1146562e-01   8.9976083e-01   8.8795386e-01   8.7612027e-01   8.6432347e-01   8.5261566e-01   8.4103876e-01   8.2962535e-01   8.1839949e-01   8.0737751e-01   7.9656873e-01   7.8597620e-01   7.7559739e-01   7.6542496e-01   7.5544751e-01
   9.4139511e-03   1.2555328e-02   1.6197415e-02   2.0348714e-02   2.5016667e-02   3.0208168e-02   3.5929823e-02   4.2188082e-02   4.8989293e-02   5.6339709e-02   6.4245465e-02   7.2712520e-02   8.1746589e-02   9.1353049e-02   1.0153683e-01   1.1230228e-01   1.2365305e-01   1.3559189e-01   1.4812052e-01   1.6123939e-01   1.7494753e-01   1.8924231e-01   2.0411918e-01   2.1957153e-01   2.3559036e-01   2.5216415e-01   2.6927859e-01   2.8691645e-01   3.0505746e-01   3.2367822e-01   3.4275222e-01   3.6225002e-01   3.8213942e-01   4.0238600e-01   4.2295364e-01   4.4380540e-01   4.6490461e-01   4.8621614e-01   5.0770795e-01   5.2935281e-01   5.5112997e-01   5.7302682e-01   5.9503985e-01   6.1717473e-01   6.3944448e-01   6.6186479e-01   6.8444494e-01   7.0717275e-01   7.2999156e-01   7.5276825e-01   7.7525283e-01   7.9703443e-01   8.1750481e-01   8.3584875e-01   8.5108691e-01   8.6219187e-01   8.6827647e-01   8.6881481e-01   8.6382221e-01   8.5392116e-01   8.4026505e-01   8.2435001e-01   8.0777973e-01   7.9204978e-01   7.7839889e-01   7.6774439e-01   7.6068753e-01   7.5755840e-01   7.5847184e-01   7.6337637e-01   7.7208887e-01   7.8431433e-01   7.9965356e-01   8.1760264e-01   8.3754869e-01   8.5876693e-01   8.8042517e-01   9.0160227e-01   9.2132761e-01   9.3864644e-01   9.5271061e-01   9.6288450e-01   9.6884453e-01   9.7064153e-01   9.6869852e-01   9.6373455e-01   9.5663508e-01   9.4831131e-01   9.3958880e-01   9.3114113e-01   9.2345906e-01   9.1684096e-01   9.1140016e-01   9.0709169e-01   9.0375728e-01   9.0118011e-01   8.9913818e-01   8.9744715e-01   8.9598838e-01   8.9472128e-01   8.9368180e-01   8.9296982e-01   8.9272875e-01   8.9312061e-01   8.9430010e-01   8.9639053e-01   8.9946442e-01   9.0353056e-01   9.0852857e-01   9.1433107e-01   9.2075234e-01   9.2756206e-01   9.3450196e-01   9.4130341e-01   9.4770405e-01   9.5346224e-01   9.5836837e-01   9.6225284e-01   9.6499072e-01   9.6650349e-01   9.6675847e-01   9.6576615e-01   9.6357619e-01   9.6027220e-01   9.5596551e-01   9.5078856e-01   9.4488789e-01   9.3841770e-01   9.3153433e-01   9.2439216e-01   9.1714132e-01   9.0992703e-01   9.0289077e-01   8.9617271e-01   8.8991437e-01   8.8425920e-01   8.7934829e-01   8.7530964e-01   8.7224110e-01   8.7019034e-01   8.6913703e-01   8.6898289e-01   8.6955418e-01   8.7061802e-01   8.7191064e-01   8.7317229e-01   8.7418183e-01   8.7478464e-01   8.7490940e-01   8.7457283e-01   8.7387376e-01   8.7297962e-01   8.7210886e-01   8.7151190e-01   8.7145244e-01   8.7218977e-01   8.7396224e-01   8.7697158e-01   8.8136782e-01   8.8723519e-01   8.9457947e-01   9.0331842e-01   9.1327669e-01   9.2418740e-01   9.3570165e-01   9.4740662e-01   9.5885131e-01   9.6957755e-01   9.7915257e-01   9.8719892e-01   9.9341790e-01   9.9760391e-01   9.9964882e-01   9.9953714e-01   9.9733420e-01   9.9316987e-01   9.8722067e-01   9.7969243e-01   9.7080498e-01   9.6077977e-01   9.4983055e-01   9.3815700e-01   9.2594078e-01   9.1334358e-01   9.0050659e-01   8.8755095e-01   8.7457886e-01   8.6167492e-01   8.4890774e-01   8.3633139e-01   8.2398689e-01   8.1190355e-01   8.0010012e-01   7.8858594e-01   7.7736190e-01   7.6642146e-01
   9.2113145e-03   1.2265287e-02   1.5805211e-02   1.9840145e-02   2.4378179e-02   2.9426954e-02   3.4993940e-02   4.1086577e-02   4.7712339e-02   5.4878760e-02   6.2593420e-02   7.0863903e-02   7.9697743e-02   8.9102349e-02   9.9084903e-02   1.0965226e-01   1.2081081e-01   1.3256633e-01   1.4492385e-01   1.5788743e-01   1.7145998e-01   1.8564308e-01   2.0043671e-01   2.1583902e-01   2.3184615e-01   2.4845188e-01   2.6564752e-01   2.8342161e-01   3.0175981e-01   3.2064475e-01   3.4005600e-01   3.5997014e-01   3.8036097e-01   4.0119987e-01   4.2245641e-01   4.4409913e-01   4.6609664e-01   4.8841901e-01   5.1103931e-01   5.3393537e-01   5.5709150e-01   5.8049974e-01   6.0416024e-01   6.2807965e-01   6.5226624e-01   6.7671977e-01   7.0141358e-01   7.2626591e-01   7.5109850e-01   7.7558264e-01   7.9917971e-01   8.2109394e-01   8.4026910e-01   8.5546903e-01   8.6546896e-01   8.6933773e-01   8.6672449e-01   8.5802758e-01   8.4436379e-01   8.2735228e-01   8.0880533e-01   7.9043519e-01   7.7365545e-01   7.5950222e-01   7.4865113e-01   7.4148396e-01   7.3816512e-01   7.3870591e-01   7.4300921e-01   7.5089585e-01   7.6211664e-01   7.7635432e-01   7.9321932e-01   8.1224243e-01   8.3286753e-01   8.5444768e-01   8.7624881e-01   8.9746569e-01   9.1725507e-01   9.3478951e-01   9.4933124e-01   9.6031847e-01   9.6744764e-01   9.7072825e-01   9.7048760e-01   9.6731539e-01   9.6195926e-01   9.5520262e-01   9.4776002e-01   9.4021149e-01   9.3297501e-01   9.2630442e-01   9.2030233e-01   9.1494470e-01   9.1011617e-01   9.0565253e-01   9.0138344e-01   8.9716902e-01   8.9292597e-01   8.8864175e-01   8.8437755e-01   8.8026163e-01   8.7647532e-01   8.7323377e-01   8.7076378e-01   8.6928086e-01   8.6896746e-01   8.6995449e-01   8.7230743e-01   8.7601833e-01   8.8100415e-01   8.8711126e-01   8.9412541e-01   9.0178587e-01   9.0980214e-01   9.1787160e-01   9.2569655e-01   9.3299940e-01   9.3953513e-01   9.4510075e-01   9.4954151e-01   9.5275418e-01   9.5468773e-01   9.5534162e-01   9.5476218e-01   9.5303697e-01   9.5028743e-01   9.4666013e-01   9.4231717e-01   9.3742703e-01   9.3215703e-01   9.2666826e-01   9.2111269e-01   9.1563199e-01   9.1035746e-01   9.0541089e-01   9.0090575e-01   8.9694623e-01   8.9362177e-01   8.9099588e-01   8.8909207e-01   8.8788197e-01   8.8728116e-01   8.8715584e-01   8.8733986e-01   8.8765899e-01   8.8795742e-01   8.8812154e-01   8.8809722e-01   8.8789849e-01   8.8760770e-01   8.8736824e-01   8.8737187e-01   8.8784238e-01   8.8901707e-01   8.9112682e-01   8.9437531e-01   8.9891800e-01   9.0484168e-01   9.1214618e-01   9.2073069e-01   9.3038726e-01   9.4080439e-01   9.5158217e-01   9.6225920e-01   9.7234843e-01   9.8137752e-01   9.8892745e-01   9.9466385e-01   9.9835670e-01   9.9988691e-01   9.9924071e-01   9.9649497e-01   9.9179707e-01   9.8534316e-01   9.7735769e-01   9.6807602e-01   9.5773088e-01   9.4654279e-01   9.3471396e-01   9.2242499e-01   9.0983363e-01   8.9707504e-01   8.8426282e-01   8.7149066e-01   8.5883412e-01   8.4635240e-01   8.3409003e-01   8.2207848e-01   8.1033751e-01   7.9887645e-01   7.8769543e-01   7.7678655e-01   7.6613510e-01   7.5572083e-01   7.4551939e-01
   9.2614978e-03   1.2327467e-02   1.5880425e-02   1.9929293e-02   2.4481983e-02   2.9545925e-02   3.5128346e-02   4.1236416e-02   4.7877310e-02   5.5058239e-02   6.2786430e-02   7.1069099e-02   7.9913392e-02   8.9326315e-02   9.9314647e-02   1.0988483e-01   1.2104287e-01   1.3279418e-01   1.4514344e-01   1.5809445e-01   1.7164994e-01   1.8581139e-01   2.0057886e-01   2.1595075e-01   2.3192365e-01   2.4849212e-01   2.6564856e-01   2.8338302e-01   3.0168317e-01   3.2053423e-01   3.3991906e-01   3.5981830e-01   3.8021074e-01   4.0107379e-01   4.2238419e-01   4.4411895e-01   4.6625655e-01   4.8877841e-01   5.1167045e-01   5.3492479e-01   5.5854123e-01   5.8252796e-01   6.0690083e-01   6.3167991e-01   6.5688131e-01   6.8250179e-01   7.0849247e-01   7.3471825e-01   7.6090080e-01   7.8654817e-01   8.1088550e-01   8.3281911e-01   8.5098390e-01   8.6392344e-01   8.7040723e-01   8.6980134e-01   8.6233223e-01   8.4910621e-01   8.3187141e-01   8.1263545e-01   7.9329285e-01   7.7537722e-01   7.5997375e-01   7.4775530e-01   7.3907641e-01   7.3407272e-01   7.3273955e-01   7.3498386e-01   7.4065321e-01   7.4954808e-01   7.6142318e-01   7.7598221e-01   7.9286915e-01   8.1165863e-01   8.3184768e-01   8.5285179e-01   8.7400860e-01   8.9459322e-01   9.1384935e-01   9.3103855e-01   9.4550662e-01   9.5675968e-01   9.6453515e-01   9.6884739e-01   9.6998931e-01   9.6848161e-01   9.6497988e-01   9.6016554e-01   9.5465185e-01   9.4892494e-01   9.4332231e-01   9.3803808e-01   9.3314302e-01   9.2861227e-01   9.2435809e-01   9.2026459e-01   9.1622092e-01   9.1214859e-01   9.0802020e-01   9.0386870e-01   8.9978745e-01   8.9592254e-01   8.9245900e-01   8.8960288e-01   8.8756098e-01   8.8652031e-01   8.8662901e-01   8.8798059e-01   8.9060278e-01   8.9445208e-01   8.9941434e-01   9.0531119e-01   9.1191137e-01   9.1894573e-01   9.2612419e-01   9.3315303e-01   9.3975104e-01   9.4566333e-01   9.5067215e-01   9.5460441e-01   9.5733599e-01   9.5879318e-01   9.5895153e-01   9.5783278e-01   9.5549998e-01   9.5205115e-01   9.4761173e-01   9.4232619e-01   9.3634957e-01   9.2983985e-01   9.2295214e-01   9.1583521e-01   9.0863029e-01   9.0147193e-01   8.9449089e-01   8.8781867e-01   8.8159267e-01   8.7595891e-01   8.7106870e-01   8.6706698e-01   8.6407312e-01   8.6215819e-01   8.6132463e-01   8.6149426e-01   8.6250884e-01   8.6414482e-01   8.6614042e-01   8.6823051e-01   8.7018270e-01   8.7182803e-01   8.7308142e-01   8.7394984e-01   8.7452875e-01   8.7498948e-01   8.7556057e-01   8.7650589e-01   8.7810163e-01   8.8061313e-01   8.8427221e-01   8.8925525e-01   8.9566291e-01   9.0350266e-01   9.1267617e-01   9.2297418e-01   9.3408106e-01   9.4559075e-01   9.5703377e-01   9.6791301e-01   9.7774373e-01   9.8609231e-01   9.9260791e-01   9.9704318e-01   9.9926213e-01   9.9923596e-01   9.9702954e-01   9.9278205e-01   9.8668551e-01   9.7896410e-01   9.6985618e-01   9.5960006e-01   9.4842363e-01   9.3653752e-01   9.2413122e-01   9.1137135e-01   8.9840160e-01   8.8534362e-01   8.7229855e-01   8.5934878e-01   8.4655983e-01   8.3398207e-01   8.2165243e-01   8.0959585e-01   7.9782659e-01   7.8634953e-01   7.7516126e-01   7.6425127e-01
   9.1825516e-03   1.2228741e-02   1.5759666e-02   1.9784216e-02   2.4310333e-02   2.9345516e-02   3.4897095e-02   4.0972365e-02   4.7578668e-02   5.4723412e-02   6.2414066e-02   7.0658131e-02   7.9463091e-02   8.8836347e-02   9.8785133e-02   1.0931642e-01   1.2043681e-01   1.3215238e-01   1.4446860e-01   1.5739009e-01   1.7092052e-01   1.8506238e-01   1.9981682e-01   2.1518339e-01   2.3115986e-01   2.4774198e-01   2.6492328e-01   2.8269488e-01   3.0104527e-01   3.1996023e-01   3.3942268e-01   3.5941273e-01   3.7990768e-01   4.0088232e-01   4.2230918e-01   4.4415904e-01   4.6640163e-01   4.8900640e-01   5.1194347e-01   5.3518458e-01   5.5870393e-01   5.8247852e-01   6.0648771e-01   6.3071109e-01   6.5512399e-01   6.7968904e-01   7.0434250e-01   7.2897374e-01   7.5339706e-01   7.7731682e-01   8.0029092e-01   8.2170358e-01   8.4076576e-01   8.5656579e-01   8.6818721e-01   8.7488771e-01   8.7629839e-01   8.7257408e-01   8.6443275e-01   8.5306549e-01   8.3995057e-01   8.2663187e-01   8.1452156e-01   8.0476823e-01   7.9820188e-01   7.9533982e-01   7.9642451e-01   8.0146819e-01   8.1029010e-01   8.2254131e-01   8.3771898e-01   8.5517469e-01   8.7412294e-01   8.9365708e-01   9.1277964e-01   9.3045356e-01   9.4567752e-01   9.5758251e-01   9.6553767e-01   9.6924323e-01   9.6878277e-01   9.6461177e-01   9.5747844e-01   9.4829837e-01   9.3802151e-01   9.2752405e-01   9.1753553e-01   9.0859314e-01   9.0101621e-01   8.9490344e-01   8.9015759e-01   8.8653469e-01   8.8370662e-01   8.8132335e-01   8.7906502e-01   8.7667904e-01   8.7400169e-01   8.7096618e-01   8.6759997e-01   8.6401428e-01   8.6038812e-01   8.5694912e-01   8.5395257e-01   8.5166025e-01   8.5032002e-01   8.5014730e-01   8.5130920e-01   8.5391224e-01   8.5799403e-01   8.6351947e-01   8.7038163e-01   8.7840701e-01   8.8736490e-01   8.9697985e-01   9.0694656e-01   9.1694570e-01   9.2665982e-01   9.3578815e-01   9.4405946e-01   9.5124251e-01   9.5715366e-01   9.6166171e-01   9.6469001e-01   9.6621613e-01   9.6626924e-01   9.6492539e-01   9.6230082e-01   9.5854340e-01   9.5382279e-01   9.4832013e-01   9.4221853e-01   9.3569571e-01   9.2891942e-01   9.2204561e-01   9.1521920e-01   9.0857711e-01   9.0225370e-01   8.9638761e-01   8.9112686e-01   8.8662887e-01   8.8305272e-01   8.8054429e-01   8.7921762e-01   8.7913734e-01   8.8030675e-01   8.8266475e-01   8.8609292e-01   8.9043191e-01   8.9550442e-01   9.0114019e-01   9.0719788e-01   9.1357909e-01   9.2023138e-01   9.2713963e-01   9.3430754e-01   9.4173337e-01   9.4938499e-01   9.5718000e-01   9.6497537e-01   9.7256910e-01   9.7971377e-01   9.8613912e-01   9.9157901e-01   9.9579734e-01   9.9860863e-01   9.9989035e-01   9.9958665e-01   9.9770448e-01   9.9430438e-01   9.8948848e-01   9.8338775e-01   9.7615019e-01   9.6793080e-01   9.5888383e-01   9.4915714e-01   9.3888842e-01   9.2820307e-01   9.1721314e-01   9.0601712e-01   8.9470035e-01   8.8333564e-01   8.7198411e-01   8.6069613e-01   8.4951217e-01   8.3846368e-01   8.2757386e-01   8.1685844e-01   8.0632636e-01   7.9598048e-01   7.8581833e-01   7.7583288e-01   7.6601332e-01   7.5634593e-01   7.4681503e-01   7.3740385e-01   7.2809548e-01
   9.4107533e-03   1.2551642e-02   1.6193362e-02   2.0344480e-02   2.5012507e-02   3.0204407e-02   3.5926862e-02   4.2186400e-02   4.8989452e-02   5.6342354e-02   6.4251321e-02   7.2722394e-02   8.1761363e-02   9.1373673e-02   1.0156431e-01   1.1233769e-01   1.2369747e-01   1.3564644e-01   1.4818630e-01   1.6131749e-01   1.7503899e-01   1.8934808e-01   2.0424015e-01   2.1970843e-01   2.3574383e-01   2.5233469e-01   2.6946658e-01   2.8712222e-01   3.0528133e-01   3.2392064e-01   3.4301400e-01   3.6253253e-01   3.8244506e-01   4.0271867e-01   4.2331947e-01   4.4421368e-01   4.6536892e-01   4.8675587e-01   5.0835009e-01   5.3013411e-01   5.5209949e-01   5.7424865e-01   5.9659598e-01   6.1916748e-01   6.4199789e-01   6.6512366e-01   6.8856948e-01   7.1232604e-01   7.3631585e-01   7.6034593e-01   7.8404942e-01   8.0682601e-01   8.2780370e-01   8.4585803e-01   8.5972891e-01   8.6825253e-01   8.7066844e-01   8.6689455e-01   8.5764423e-01   8.4432492e-01   8.2876250e-01   8.1286214e-01   7.9831770e-01   7.8643883e-01   7.7810520e-01   7.7380951e-01   7.7373740e-01   7.7784596e-01   7.8592261e-01   7.9762119e-01   8.1247905e-01   8.2992186e-01   8.4926307e-01   8.6970495e-01   8.9034837e-01   9.1021831e-01   9.2831071e-01   9.4366354e-01   9.5544835e-01   9.6307014e-01   9.6625390e-01   9.6509193e-01   9.6003191e-01   9.5180355e-01   9.4130551e-01   9.2948775e-01   9.1725746e-01   9.0541435e-01   8.9460434e-01   8.8528345e-01   8.7769620e-01   8.7187783e-01   8.6768359e-01   8.6483826e-01   8.6299432e-01   8.6178790e-01   8.6088557e-01   8.6001884e-01   8.5900592e-01   8.5776166e-01   8.5629711e-01   8.5471039e-01   8.5317050e-01   8.5189603e-01   8.5113051e-01   8.5111671e-01   8.5207196e-01   8.5416660e-01   8.5750733e-01   8.6212673e-01   8.6797967e-01   8.7494636e-01   8.8284128e-01   8.9142682e-01   9.0042969e-01   9.0955863e-01   9.1852167e-01   9.2704178e-01   9.3486994e-01   9.4179529e-01   9.4765219e-01   9.5232444e-01   9.5574694e-01   9.5790504e-01   9.5883204e-01   9.5860465e-01   9.5733678e-01   9.5517163e-01   9.5227266e-01   9.4881420e-01   9.4497290e-01   9.4092061e-01   9.3681881e-01   9.3281406e-01   9.2903402e-01   9.2558428e-01   9.2254578e-01   9.1997261e-01   9.1788895e-01   9.1628577e-01   9.1511944e-01   9.1431549e-01   9.1377954e-01   9.1341439e-01   9.1314000e-01   9.1291156e-01   9.1273206e-01   9.1265723e-01   9.1279260e-01   9.1328379e-01   9.1430168e-01   9.1602416e-01   9.1861595e-01   9.2220788e-01   9.2687707e-01   9.3262970e-01   9.3938842e-01   9.4698656e-01   9.5517119e-01   9.6361606e-01   9.7194387e-01   9.7975572e-01   9.8666377e-01   9.9232236e-01   9.9645314e-01   9.9886111e-01   9.9944041e-01   9.9817050e-01   9.9510521e-01   9.9035727e-01   9.8408141e-01   9.7645807e-01   9.6767931e-01   9.5793768e-01   9.4741795e-01   9.3629173e-01   9.2471424e-01   9.1282291e-01   9.0073707e-01   8.8855866e-01   8.7637319e-01   8.6425112e-01   8.5224920e-01   8.4041182e-01   8.2877227e-01   8.1735388e-01   8.0617107e-01   7.9523032e-01   7.8453110e-01   7.7406679e-01   7.6382564e-01   7.5379174e-01   7.4394612e-01   7.3426774e-01   7.2473471e-01   7.1532526e-01
   9.0703508e-03   1.2059673e-02   1.5523624e-02   1.9471584e-02   2.3912016e-02   2.8853009e-02   3.4302551e-02   4.0268691e-02   4.6759610e-02   5.3783658e-02   6.1349353e-02   6.9465361e-02   7.8140451e-02   8.7383435e-02   9.7203099e-02   1.0760810e-01   1.1860687e-01   1.3020749e-01   1.4241754e-01   1.5524392e-01   1.6869274e-01   1.8276906e-01   1.9747668e-01   2.1281797e-01   2.2879357e-01   2.4540220e-01   2.6264037e-01   2.8050217e-01   2.9897908e-01   3.1805976e-01   3.3772995e-01   3.5797248e-01   3.7876731e-01   4.0009181e-01   4.2192117e-01   4.4422907e-01   4.6698857e-01   4.9017329e-01   5.1375876e-01   5.3772396e-01   5.6205267e-01   5.8673431e-01   6.1176351e-01   6.3713714e-01   6.6284711e-01   6.8886624e-01   7.1512399e-01   7.4146861e-01   7.6761381e-01   7.9307322e-01   8.1709688e-01   8.3864085e-01   8.5641782e-01   8.6907429e-01   8.7549631e-01   8.7516124e-01   8.6838330e-01   8.5632478e-01   8.4076266e-01   8.2371788e-01   8.0709381e-01   7.9243463e-01   7.8083790e-01   7.7298484e-01   7.6922471e-01   7.6966302e-01   7.7422899e-01   7.8271691e-01   7.9480553e-01   8.1006218e-01   8.2793851e-01   8.4776439e-01   8.6874616e-01   8.8997635e-01   9.1046165e-01   9.2917546e-01   9.4513740e-01   9.5751525e-01   9.6573400e-01   9.6956621e-01   9.6917380e-01   9.6508022e-01   9.5807540e-01   9.4908270e-01   9.3902953e-01   9.2875109e-01   9.1893077e-01   9.1006558e-01   9.0244882e-01   8.9617222e-01   8.9115145e-01   8.8717154e-01   8.8394236e-01   8.8115288e-01   8.7851667e-01   8.7580486e-01   8.7286633e-01   8.6963653e-01   8.6613712e-01   8.6246821e-01   8.5879535e-01   8.5533268e-01   8.5232362e-01   8.5002056e-01   8.4866460e-01   8.4846664e-01   8.4959092e-01   8.5214197e-01   8.5615582e-01   8.6159595e-01   8.6835419e-01   8.7625633e-01   8.8507200e-01   8.9452768e-01   9.0432192e-01   9.1414152e-01   9.2367734e-01   9.3263890e-01   9.4076689e-01   9.4784316e-01   9.5369790e-01   9.5821412e-01   9.6132958e-01   9.6303628e-01   9.6337775e-01   9.6244411e-01   9.6036513e-01   9.5730125e-01   9.5343325e-01   9.4895160e-01   9.4404673e-01   9.3890131e-01   9.3368486e-01   9.2855028e-01   9.2363173e-01   9.1904391e-01   9.1488248e-01   9.1122434e-01   9.0812580e-01   9.0561741e-01   9.0369672e-01   9.0232236e-01   9.0141356e-01   9.0085731e-01   9.0052270e-01   9.0027984e-01   9.0001937e-01   8.9966916e-01   8.9920569e-01   8.9865884e-01   8.9811044e-01   8.9768747e-01   8.9755128e-01   8.9788424e-01   8.9887483e-01   9.0070197e-01   9.0351922e-01   9.0743946e-01   9.1252070e-01   9.1875439e-01   9.2605722e-01   9.3426816e-01   9.4315192e-01   9.5240943e-01   9.6169524e-01   9.7064024e-01   9.7887738e-01   9.8606711e-01   9.9191944e-01   9.9621005e-01   9.9878912e-01   9.9958261e-01   9.9858715e-01   9.9586017e-01   9.9150730e-01   9.8566898e-01   9.7850762e-01   9.7019645e-01   9.6091043e-01   9.5081933e-01   9.4008300e-01   9.2884828e-01   9.1724734e-01   9.0539715e-01   8.9339960e-01   8.8134213e-01   8.6929865e-01   8.5733060e-01   8.4548796e-01   8.3381035e-01   8.2232798e-01   8.1106251e-01   8.0002790e-01   7.8923113e-01   7.7867295e-01   7.6834858e-01
   9.1579666e-03   1.2185666e-02   1.5694680e-02   1.9694299e-02   2.4192876e-02   2.9198355e-02   3.4718552e-02   4.0761301e-02   4.7334525e-02   5.4446262e-02   6.2104657e-02   7.0317929e-02   7.9094314e-02   8.8441998e-02   9.8369020e-02   1.0888316e-01   1.1999184e-01   1.3170192e-01   1.4401958e-01   1.5695014e-01   1.7049782e-01   1.8466551e-01   1.9945456e-01   2.1486450e-01   2.3089277e-01   2.4753440e-01   2.6478179e-01   2.8262438e-01   3.0104842e-01   3.2003677e-01   3.3956871e-01   3.5961996e-01   3.8016266e-01   4.0116567e-01   4.2259497e-01   4.4441433e-01   4.6658632e-01   4.8907350e-01   5.1184003e-01   5.3485349e-01   5.5808677e-01   5.8151985e-01   6.0514097e-01   6.2894632e-01   6.5293731e-01   6.7711356e-01   7.0145947e-01   7.2592178e-01   7.5037555e-01   7.7457798e-01   7.9811333e-01   8.2034105e-01   8.4037071e-01   8.5709851e-01   8.6933841e-01   8.7605292e-01   8.7663303e-01   8.7112484e-01   8.6030111e-01   8.4554386e-01   8.2858862e-01   8.1122561e-01   7.9504809e-01   7.8130346e-01   7.7085316e-01   7.6420873e-01   7.6160064e-01   7.6304791e-01   7.6841284e-01   7.7743744e-01   7.8976386e-01   8.0494353e-01   8.2243955e-01   8.4162690e-01   8.6179509e-01   8.8215763e-01   9.0187334e-01   9.2008353e-01   9.3596738e-01   9.4881371e-01   9.5810094e-01   9.6356980e-01   9.6526840e-01   9.6355144e-01   9.5902616e-01   9.5245603e-01   9.4464845e-01   9.3635604e-01   9.2820920e-01   9.2068053e-01   9.1407242e-01   9.0852085e-01   9.0401373e-01   9.0042326e-01   8.9754861e-01   8.9516191e-01   8.9305011e-01   8.9104769e-01   8.8905751e-01   8.8705994e-01   8.8511121e-01   8.8333297e-01   8.8189511e-01   8.8099420e-01   8.8082972e-01   8.8158059e-01   8.8338414e-01   8.8631951e-01   8.9039701e-01   8.9555420e-01   9.0165873e-01   9.0851725e-01   9.1588906e-01   9.2350264e-01   9.3107345e-01   9.3832104e-01   9.4498423e-01   9.5083353e-01   9.5568017e-01   9.5938191e-01   9.6184579e-01   9.6302812e-01   9.6293242e-01   9.6160541e-01   9.5913149e-01   9.5562592e-01   9.5122700e-01   9.4608777e-01   9.4036804e-01   9.3422738e-01   9.2781992e-01   9.2129105e-01   9.1477593e-01   9.0839990e-01   9.0228063e-01   8.9653126e-01   8.9126285e-01   8.8658350e-01   8.8259217e-01   8.7936740e-01   8.7695355e-01   8.7534846e-01   8.7449665e-01   8.7429054e-01   8.7458036e-01   8.7519152e-01   8.7594636e-01   8.7668697e-01   8.7729515e-01   8.7770710e-01   8.7792117e-01   8.7799872e-01   8.7805896e-01   8.7826903e-01   8.7883085e-01   8.7996570e-01   8.8189728e-01   8.8483372e-01   8.8894893e-01   8.9436377e-01   9.0112840e-01   9.0920710e-01   9.1846816e-01   9.2868101e-01   9.3952282e-01   9.5059555e-01   9.6145269e-01   9.7163300e-01   9.8069683e-01   9.8825983e-01   9.9401931e-01   9.9777013e-01   9.9940913e-01   9.9892917e-01   9.9640546e-01   9.9197753e-01   9.8582972e-01   9.7817288e-01   9.6922869e-01   9.5921734e-01   9.4834868e-01   9.3681634e-01   9.2479454e-01   9.1243664e-01   8.9987521e-01   8.8722279e-01   8.7457331e-01   8.6200367e-01   8.4957535e-01   8.3733602e-01   8.2532098e-01   8.1355453e-01   8.0205110e-01   7.9081644e-01   7.7984862e-01   7.6913909e-01
   9.3975707e-03   1.2529996e-02   1.6161620e-02   2.0301116e-02   2.4956134e-02   3.0133799e-02   3.5840969e-02   4.2084371e-02   4.8870651e-02   5.6206389e-02   6.4098066e-02   7.2552019e-02   8.1574360e-02   9.1170887e-02   1.0134697e-01   1.1210741e-01   1.2345632e-01   1.3539693e-01   1.4793142e-01   1.6106072e-01   1.7478428e-01   1.8909987e-01   2.0400335e-01   2.1948839e-01   2.3554624e-01   2.5216556e-01   2.6933210e-01   2.8702862e-01   3.0523472e-01   3.2392676e-01   3.4307795e-01   3.6265846e-01   3.8263576e-01   4.0297511e-01   4.2364031e-01   4.4459464e-01   4.6580215e-01   4.8722919e-01   5.0884625e-01   5.3062995e-01   5.5256515e-01   5.7464684e-01   5.9688143e-01   6.1928678e-01   6.4189005e-01   6.6472184e-01   6.8780485e-01   7.1113476e-01   7.3465068e-01   7.5819395e-01   7.8145615e-01   8.0392374e-01   8.2483626e-01   8.4318720e-01   8.5780269e-01   8.6752150e-01   8.7145857e-01   8.6927593e-01   8.6135086e-01   8.4876214e-01   8.3309883e-01   8.1616867e-01   7.9970526e-01   7.8515359e-01   7.7356947e-01   7.6561999e-01   7.6164348e-01   7.6172691e-01   7.6577490e-01   7.7355976e-01   7.8475258e-01   7.9893909e-01   8.1562543e-01   8.3423873e-01   8.5412717e-01   8.7456401e-01   8.9476026e-01   9.1389058e-01   9.3113576e-01   9.4574269e-01   9.5709776e-01   9.6480281e-01   9.6873644e-01   9.6908058e-01   9.6629796e-01   9.6106015e-01   9.5414391e-01   9.4632482e-01   9.3829337e-01   9.3060345e-01   9.2364797e-01   9.1765282e-01   9.1268552e-01   9.0867886e-01   9.0546843e-01   9.0283833e-01   9.0056706e-01   8.9846646e-01   8.9640933e-01   8.9434433e-01   8.9229903e-01   8.9037259e-01   8.8872055e-01   8.8753403e-01   8.8701603e-01   8.8735705e-01   8.8871268e-01   8.9118514e-01   8.9481036e-01   8.9955179e-01   9.0530105e-01   9.1188488e-01   9.1907736e-01   9.2661567e-01   9.3421744e-01   9.4159822e-01   9.4848733e-01   9.5464118e-01   9.5985350e-01   9.6396227e-01   9.6685360e-01   9.6846286e-01   9.6877360e-01   9.6781466e-01   9.6565576e-01   9.6240179e-01   9.5818613e-01   9.5316316e-01   9.4750052e-01   9.4137178e-01   9.3495002e-01   9.2840298e-01   9.2188951e-01   9.1555744e-01   9.0954271e-01   9.0396952e-01   8.9895075e-01   8.9458685e-01   8.9096141e-01   8.8813275e-01   8.8612311e-01   8.8490907e-01   8.8441761e-01   8.8453094e-01   8.8510082e-01   8.8597007e-01   8.8699747e-01   8.8808088e-01   8.8917461e-01   8.9029848e-01   8.9153763e-01   8.9303404e-01   8.9497123e-01   8.9755391e-01   9.0098447e-01   9.0543772e-01   9.1103573e-01   9.1782458e-01   9.2575579e-01   9.3467539e-01   9.4432344e-01   9.5434606e-01   9.6432004e-01   9.7378762e-01   9.8229668e-01   9.8944012e-01   9.9488835e-01   9.9841030e-01   9.9988138e-01   9.9927907e-01   9.9666914e-01   9.9218651e-01   9.8601417e-01   9.7836337e-01   9.6945669e-01   9.5951494e-01   9.4874782e-01   9.3734797e-01   9.2548774e-01   9.1331795e-01   9.0096804e-01   8.8854706e-01   8.7614520e-01   8.6383540e-01   8.5167510e-01   8.3970782e-01   8.2796467e-01   8.1646568e-01   8.0522106e-01   7.9423235e-01   7.8349359e-01   7.7299245e-01   7.6271151e-01   7.5262951e-01   7.4272270e-01   7.3296625e-01
   9.1015163e-03   1.2104283e-02   1.5583518e-02   1.9548321e-02   2.4006835e-02   2.8966779e-02   3.4435736e-02   4.0421306e-02   4.6931184e-02   5.3973199e-02   6.1555314e-02   6.9685610e-02   7.8372253e-02   8.7623443e-02   9.7447346e-02   1.0785203e-01   1.1884535e-01   1.3043489e-01   1.4262780e-01   1.5543073e-01   1.6884965e-01   1.8288973e-01   1.9755523e-01   2.1284929e-01   2.2877384e-01   2.4532947e-01   2.6251528e-01   2.8032887e-01   2.9876626e-01   3.1782192e-01   3.3748893e-01   3.5775919e-01   3.7862377e-01   4.0007342e-01   4.2209932e-01   4.4469389e-01   4.6785189e-01   4.9157149e-01   5.1585531e-01   5.4071106e-01   5.6615115e-01   5.9219032e-01   6.1883984e-01   6.4609577e-01   6.7391804e-01   7.0219616e-01   7.3069741e-01   7.5899643e-01   7.8639338e-01   8.1184532e-01   8.3396026e-01   8.5112102e-01   8.6178448e-01   8.6491320e-01   8.6037197e-01   8.4907777e-01   8.3280689e-01   8.1375543e-01   7.9405888e-01   7.7545250e-01   7.5914393e-01   7.4585632e-01   7.3595109e-01   7.2955619e-01   7.2666452e-01   7.2719620e-01   7.3103102e-01   7.3802066e-01   7.4798809e-01   7.6071991e-01   7.7595479e-01   7.9337061e-01   8.1257201e-01   8.3308037e-01   8.5432896e-01   8.7566689e-01   8.9637607e-01   9.1570574e-01   9.3292676e-01   9.4740359e-01   9.5867422e-01   9.6652014e-01   9.7100415e-01   9.7245753e-01   9.7141353e-01   9.6850428e-01   9.6435277e-01   9.5949076e-01   9.5431703e-01   9.4909162e-01   9.4395158e-01   9.3893626e-01   9.3401635e-01   9.2912439e-01   9.2418441e-01   9.1913782e-01   9.1396283e-01   9.0868605e-01   9.0338637e-01   8.9819203e-01   8.9327208e-01   8.8882392e-01   8.8505801e-01   8.8218123e-01   8.8038017e-01   8.7980539e-01   8.8055802e-01   8.8267964e-01   8.8614621e-01   8.9086672e-01   8.9668660e-01   9.0339553e-01   9.1073910e-01   9.1843302e-01   9.2617879e-01   9.3367938e-01   9.4065382e-01   9.4684969e-01   9.5205283e-01   9.5609421e-01   9.5885371e-01   9.6026122e-01   9.6029534e-01   9.5897999e-01   9.5637918e-01   9.5259028e-01   9.4773592e-01   9.4195500e-01   9.3539362e-01   9.2819694e-01   9.2050295e-01   9.1243884e-01   9.0412007e-01   8.9565208e-01   8.8713490e-01   8.7867096e-01   8.7037504e-01   8.6238410e-01   8.5486298e-01   8.4800324e-01   8.4201392e-01   8.3710593e-01   8.3347252e-01   8.3126892e-01   8.3059375e-01   8.3147456e-01   8.3386016e-01   8.3762177e-01   8.4256434e-01   8.4844773e-01   8.5501544e-01   8.6202635e-01   8.6928441e-01   8.7666057e-01   8.8410304e-01   8.9163386e-01   8.9933201e-01   9.0730585e-01   9.1565928e-01   9.2445692e-01   9.3369423e-01   9.4327786e-01   9.5302005e-01   9.6264859e-01   9.7183092e-01   9.8020789e-01   9.8743107e-01   9.9319694e-01   9.9727253e-01   9.9950975e-01   9.9984805e-01   9.9830737e-01   9.9497470e-01   9.8998731e-01   9.8351584e-01   9.7574896e-01   9.6688074e-01   9.5710119e-01   9.4658964e-01   9.3551060e-01   9.2401161e-01   9.1222249e-01   9.0025556e-01   8.8820644e-01   8.7615520e-01   8.6416767e-01   8.5229665e-01   8.4058323e-01   8.2905786e-01   8.1774142e-01   8.0664621e-01   7.9577682e-01   7.8513109e-01   7.7470104e-01   7.6447387e-01   7.5443300e-01
   9.0988341e-03   1.2102369e-02   1.5583300e-02   1.9551030e-02   2.4014065e-02   2.8980536e-02   3.4458482e-02   4.0455996e-02   4.6981303e-02   5.4042786e-02   6.1648984e-02   6.9808566e-02   7.8530278e-02   8.7822878e-02   9.7695052e-02   1.0815531e-01   1.1921186e-01   1.3087249e-01   1.4314436e-01   1.5603387e-01   1.6954644e-01   1.8368628e-01   1.9845615e-01   2.1385708e-01   2.2988813e-01   2.4654603e-01   2.6382496e-01   2.8171616e-01   3.0020772e-01   3.1928429e-01   3.3892691e-01   3.5911285e-01   3.7981562e-01   4.0100512e-01   4.2264796e-01   4.4470800e-01   4.6714723e-01   4.8992685e-01   5.1300876e-01   5.3635727e-01   5.5994087e-01   5.8373405e-01   6.0771834e-01   6.3188223e-01   6.5621845e-01   6.8071720e-01   7.0535298e-01   7.3006239e-01   7.5471059e-01   7.7904561e-01   8.0264425e-01   8.2486195e-01   8.4481047e-01   8.6139795e-01   8.7346270e-01   8.8000301e-01   8.8044993e-01   8.7488147e-01   8.6408240e-01   8.4942190e-01   8.3260248e-01   8.1537177e-01   7.9928257e-01   7.8555214e-01   7.7502475e-01   7.6820591e-01   7.6532723e-01   7.6641194e-01   7.7132674e-01   7.7981673e-01   7.9152588e-01   8.0600710e-01   8.2272660e-01   8.4106648e-01   8.6032992e-01   8.7975300e-01   8.9852741e-01   9.1583743e-01   9.3091293e-01   9.4309621e-01   9.5191495e-01   9.5714732e-01   9.5886101e-01   9.5740997e-01   9.5338200e-01   9.4750644e-01   9.4054498e-01   9.3319360e-01   9.2601426e-01   9.1940096e-01   9.1357348e-01   9.0859065e-01   9.0437804e-01   9.0076645e-01   8.9753664e-01   8.9446392e-01   8.9135670e-01   8.8808484e-01   8.8459607e-01   8.8092099e-01   8.7716803e-01   8.7351047e-01   8.7016769e-01   8.6738290e-01   8.6539944e-01   8.6443769e-01   8.6467459e-01   8.6622719e-01   8.6914167e-01   8.7338836e-01   8.7886303e-01   8.8539389e-01   8.9275336e-01   9.0067313e-01   9.0886119e-01   9.1701894e-01   9.2485737e-01   9.3211106e-01   9.3854943e-01   9.4398497e-01   9.4827848e-01   9.5134150e-01   9.5313630e-01   9.5367361e-01   9.5300845e-01   9.5123397e-01   9.4847370e-01   9.4487245e-01   9.4058678e-01   9.3577635e-01   9.3059715e-01   9.2519736e-01   9.1971554e-01   9.1428044e-01   9.0901240e-01   9.0402593e-01   8.9943249e-01   8.9534086e-01   8.9185246e-01   8.8905090e-01   8.8698837e-01   8.8567331e-01   8.8506394e-01   8.8507033e-01   8.8556513e-01   8.8640122e-01   8.8743320e-01   8.8853905e-01   8.8963872e-01   8.9070684e-01   8.9177842e-01   8.9294718e-01   8.9435740e-01   8.9619016e-01   8.9864554e-01   9.0192150e-01   9.0619087e-01   9.1157758e-01   9.1813400e-01   9.2582187e-01   9.3449998e-01   9.4392165e-01   9.5374447e-01   9.6355292e-01   9.7289197e-01   9.8130711e-01   9.8838465e-01   9.9378581e-01   9.9726963e-01   9.9870253e-01   9.9805497e-01   9.9538818e-01   9.9083477e-01   9.8457733e-01   9.7682793e-01   9.6781060e-01   9.5774778e-01   9.4685065e-01   9.3531300e-01   9.2330794e-01   9.1098671e-01   8.9847891e-01   8.8589367e-01   8.7332118e-01   8.6083458e-01   8.4849173e-01   8.3633691e-01   8.2440241e-01   8.1270991e-01   8.0127174e-01   7.9009204e-01   7.7916785e-01   7.6849019e-01   7.5804513e-01   7.4781492e-01   7.3777910e-01
   9.0983192e-03   1.2101435e-02   1.5581375e-02   1.9547279e-02   2.4007344e-02   2.8969357e-02   3.4440978e-02   4.0429893e-02   4.6943893e-02   5.3990910e-02   6.1579019e-02   6.9716421e-02   7.8411404e-02   8.7672292e-02   9.7507380e-02   1.0792485e-01   1.1893268e-01   1.3053852e-01   1.4274962e-01   1.5557264e-01   1.6901351e-01   1.8307732e-01   1.9776809e-01   2.1308864e-01   2.2904037e-01   2.4562310e-01   2.6283491e-01   2.8067192e-01   2.9912821e-01   3.1819572e-01   3.3786416e-01   3.5812106e-01   3.7895190e-01   4.0034032e-01   4.2226846e-01   4.4471744e-01   4.6766795e-01   4.9110095e-01   5.1499828e-01   5.3934312e-01   5.6411989e-01   5.8931309e-01   6.1490426e-01   6.4086586e-01   6.6715034e-01   6.9367242e-01   7.2028225e-01   7.4672827e-01   7.7261097e-01   7.9733508e-01   8.2007702e-01   8.3979609e-01   8.5532267e-01   8.6554218e-01   8.6965107e-01   8.6740490e-01   8.5925339e-01   8.4629747e-01   8.3008609e-01   8.1233422e-01   7.9465800e-01   7.7839693e-01   7.6454565e-01   7.5377209e-01   7.4647927e-01   7.4287426e-01   7.4302434e-01   7.4689458e-01   7.5436793e-01   7.6525201e-01   7.7927670e-01   7.9608599e-01   8.1522729e-01   8.3614140e-01   8.5815681e-01   8.8049360e-01   9.0228302e-01   9.2260918e-01   9.4057753e-01   9.5540803e-01   9.6654060e-01   9.7372762e-01   9.7708094e-01   9.7704717e-01   9.7430963e-01   9.6964645e-01   9.6379381e-01   9.5735390e-01   9.5075766e-01   9.4426689e-01   9.3799578e-01   9.3194188e-01   9.2602339e-01   9.2012005e-01   9.1411185e-01   9.0791043e-01   9.0147984e-01   8.9484674e-01   8.8810128e-01   8.8139094e-01   8.7490951e-01   8.6888287e-01   8.6355309e-01   8.5916187e-01   8.5593423e-01   8.5406331e-01   8.5369683e-01   8.5492614e-01   8.5777827e-01   8.6221171e-01   8.6811607e-01   8.7531597e-01   8.8357869e-01   8.9262539e-01   9.0214480e-01   9.1180863e-01   9.2128735e-01   9.3026545e-01   9.3845508e-01   9.4560747e-01   9.5152160e-01   9.5605002e-01   9.5910183e-01   9.6064306e-01   9.6069443e-01   9.5932690e-01   9.5665478e-01   9.5282677e-01   9.4801517e-01   9.4240441e-01   9.3618033e-01   9.2952208e-01   9.2259743e-01   9.1556143e-01   9.0855764e-01   9.0172142e-01   8.9518552e-01   8.8908694e-01   8.8357194e-01   8.7879485e-01   8.7490751e-01   8.7204070e-01   8.7028201e-01   8.6965671e-01   8.7011702e-01   8.7154325e-01   8.7375742e-01   8.7654747e-01   8.7969790e-01   8.8302126e-01   8.8638477e-01   8.8972756e-01   8.9306633e-01   8.9648919e-01   9.0013951e-01   9.0419252e-01   9.0882778e-01   9.1420051e-01   9.2041479e-01   9.2750130e-01   9.3540232e-01   9.4396610e-01   9.5295203e-01   9.6204660e-01   9.7088860e-01   9.7910008e-01   9.8631877e-01   9.9222729e-01   9.9657530e-01   9.9919243e-01   9.9999158e-01   9.9896395e-01   9.9616801e-01   9.9171511e-01   9.8575412e-01   9.7845698e-01   9.7000623e-01   9.6058510e-01   9.5037022e-01   9.3952667e-01   9.2820500e-01   9.1653972e-01   9.0464895e-01   8.9263474e-01   8.8058388e-01   8.6856894e-01   8.5664939e-01   8.4487275e-01   8.3327564e-01   8.2188479e-01   8.1071791e-01   7.9978454e-01   7.8908685e-01   7.7862045e-01   7.6837522e-01   7.5833623e-01
   9.2405478e-03   1.2302940e-02   1.5852462e-02   1.9898206e-02   2.4448284e-02   2.9510357e-02   3.5091910e-02   4.1200394e-02   4.7843297e-02   5.5028157e-02   6.2762555e-02   7.1054075e-02   7.9910241e-02   8.9338442e-02   9.9345838e-02   1.0993924e-01   1.2112499e-01   1.3290880e-01   1.4529560e-01   1.5828934e-01   1.7189279e-01   1.8610734e-01   2.0093276e-01   2.1636696e-01   2.3240572e-01   2.4904248e-01   2.6626810e-01   2.8407062e-01   3.0243510e-01   3.2134352e-01   3.4077471e-01   3.6070444e-01   3.8110564e-01   4.0194881e-01   4.2320263e-01   4.4483484e-01   4.6681342e-01   4.8910810e-01   5.1169210e-01   5.3454412e-01   5.5765040e-01   5.8100637e-01   6.0461753e-01   6.2849845e-01   6.5266845e-01   6.7714190e-01   7.0191018e-01   7.2691196e-01   7.5198851e-01   7.7682353e-01   8.0087346e-01   8.2330675e-01   8.4298814e-01   8.5855692e-01   8.6863701e-01   8.7216285e-01   8.6872056e-01   8.5875319e-01   8.4352541e-01   8.2486347e-01   8.0478493e-01   7.8515483e-01   7.6746584e-01   7.5276723e-01   7.4170466e-01   7.3460964e-01   7.3159220e-01   7.3261358e-01   7.3753418e-01   7.4613990e-01   7.5815254e-01   7.7322953e-01   7.9095709e-01   8.1084042e-01   8.3229412e-01   8.5463685e-01   8.7709477e-01   8.9881962e-01   9.1892699e-01   9.3655858e-01   9.5096669e-01   9.6161038e-01   9.6824189e-01   9.7095562e-01   9.7017604e-01   9.6657904e-01   9.6096801e-01   9.5414392e-01   9.4680652e-01   9.3950125e-01   9.3260351e-01   9.2632457e-01   9.2072996e-01   9.1576886e-01   9.1131290e-01   9.0719952e-01   9.0327265e-01   8.9941516e-01   8.9557007e-01   8.9175003e-01   8.8803649e-01   8.8457025e-01   8.8153567e-01   8.7914068e-01   8.7759465e-01   8.7708634e-01   8.7776387e-01   8.7971849e-01   8.8297365e-01   8.8748013e-01   8.9311753e-01   8.9970163e-01   9.0699659e-01   9.1473050e-01   9.2261255e-01   9.3035032e-01   9.3766561e-01   9.4430799e-01   9.5006532e-01   9.5477117e-01   9.5830921e-01   9.6061490e-01   9.6167485e-01   9.6152415e-01   9.6024184e-01   9.5794481e-01   9.5478004e-01   9.5091568e-01   9.4653159e-01   9.4181020e-01   9.3692837e-01   9.3205064e-01   9.2732348e-01   9.2287049e-01   9.1878840e-01   9.1514427e-01   9.1197342e-01   9.0927726e-01   9.0702082e-01   9.0513131e-01   9.0350042e-01   9.0199269e-01   9.0046023e-01   8.9876155e-01   8.9678067e-01   8.9444285e-01   8.9172448e-01   8.8865656e-01   8.8532256e-01   8.8185215e-01   8.7841269e-01   8.7519972e-01   8.7242735e-01   8.7031881e-01   8.6909714e-01   8.6897550e-01   8.7014668e-01   8.7277151e-01   8.7696604e-01   8.8278782e-01   8.9022245e-01   8.9917179e-01   9.0944620e-01   9.2076307e-01   9.3275384e-01   9.4498062e-01   9.5696201e-01   9.6820587e-01   9.7824495e-01   9.8667059e-01   9.9315967e-01   9.9749155e-01   9.9955347e-01   9.9933531e-01   9.9691596e-01   9.9244467e-01   9.8612045e-01   9.7817235e-01   9.6884223e-01   9.5837108e-01   9.4698897e-01   9.3490843e-01   9.2232060e-01   9.0939356e-01   8.9627223e-01   8.8307922e-01   8.6991637e-01   8.5686649e-01   8.4399518e-01   8.3135264e-01   8.1897529e-01   8.0688724e-01   7.9510165e-01   7.8362195e-01   7.7244300e-01   7.6155223e-01
   9.0725525e-03   1.2071267e-02   1.5547063e-02   1.9509180e-02   2.3965980e-02   2.8925464e-02   3.4395537e-02   4.0384149e-02   4.6899375e-02   5.3949438e-02   6.1542712e-02   6.9687695e-02   7.8392969e-02   8.7667134e-02   9.7518733e-02   1.0795616e-01   1.1898755e-01   1.3062067e-01   1.4286274e-01   1.5572033e-01   1.6919914e-01   1.8330385e-01   1.9803791e-01   2.1340334e-01   2.2940051e-01   2.4602794e-01   2.6328210e-01   2.8115725e-01   2.9964529e-01   3.1873572e-01   3.3841561e-01   3.5866980e-01   3.7948112e-01   4.0083091e-01   4.2269973e-01   4.4506834e-01   4.6791903e-01   4.9123715e-01   5.1501296e-01   5.3924347e-01   5.6393396e-01   5.8909848e-01   6.1475811e-01   6.4093509e-01   6.6763965e-01   6.9484537e-01   7.2244764e-01   7.5020047e-01   7.7763133e-01   8.0394683e-01   8.2796664e-01   8.4815313e-01   8.6281502e-01   8.7050825e-01   8.7052422e-01   8.6323000e-01   8.5005749e-01   8.3314049e-01   8.1479284e-01   7.9705987e-01   7.8148009e-01   7.6905785e-01   7.6036102e-01   7.5565186e-01   7.5499688e-01   7.5833901e-01   7.6553466e-01   7.7636520e-01   7.9053149e-01   8.0763891e-01   8.2717839e-01   8.4850873e-01   8.7084640e-01   8.9326970e-01   9.1474564e-01   9.3418662e-01   9.5054027e-01   9.6290637e-01   9.7066216e-01   9.7356442e-01   9.7179319e-01   9.6591569e-01   9.5677914e-01   9.4537221e-01   9.3270181e-01   9.1970756e-01   9.0720414e-01   8.9583350e-01   8.8602591e-01   8.7798309e-01   8.7169276e-01   8.6697087e-01   8.6351861e-01   8.6098107e-01   8.5899853e-01   8.5724637e-01   8.5546310e-01   8.5346745e-01   8.5116621e-01   8.4855436e-01   8.4570892e-01   8.4277761e-01   8.3996352e-01   8.3750665e-01   8.3566372e-01   8.3468728e-01   8.3480552e-01   8.3620421e-01   8.3901174e-01   8.4328864e-01   8.4902194e-01   8.5612485e-01   8.6444155e-01   8.7375647e-01   8.8380708e-01   8.9429905e-01   9.0492250e-01   9.1536800e-01   9.2534144e-01   9.3457690e-01   9.4284707e-01   9.4997104e-01   9.5581944e-01   9.6031720e-01   9.6344387e-01   9.6523186e-01   9.6576236e-01   9.6515901e-01   9.6357937e-01   9.6120447e-01   9.5822767e-01   9.5484398e-01   9.5124102e-01   9.4759202e-01   9.4405038e-01   9.4074529e-01   9.3777877e-01   9.3522431e-01   9.3312707e-01   9.3150443e-01   9.3034631e-01   9.2961626e-01   9.2925561e-01   9.2919253e-01   9.2935538e-01   9.2968821e-01   9.3016455e-01   9.3079662e-01   9.3163787e-01   9.3277852e-01   9.3433485e-01   9.3643346e-01   9.3919258e-01   9.4270223e-01   9.4700545e-01   9.5208299e-01   9.5784357e-01   9.6412175e-01   9.7068451e-01   9.7724646e-01   9.8349193e-01   9.8910123e-01   9.9377691e-01   9.9726647e-01   9.9937860e-01   9.9999133e-01   9.9905249e-01   9.9657357e-01   9.9261932e-01   9.8729510e-01   9.8073405e-01   9.7308532e-01   9.6450424e-01   9.5514466e-01   9.4515346e-01   9.3466696e-01   9.2380883e-01   9.1268911e-01   9.0140414e-01   8.9003694e-01   8.7865791e-01   8.6732573e-01   8.5608825e-01   8.4498345e-01   8.3404021e-01   8.2327914e-01   8.1271331e-01   8.0234894e-01   7.9218608e-01   7.8221933e-01   7.7243862e-01   7.6283002e-01   7.5337668e-01   7.4405979e-01   7.3485955e-01   7.2575623e-01
   9.3040730e-03   1.2389937e-02   1.5966820e-02   2.0043768e-02   2.4628839e-02   2.9729624e-02   3.5353519e-02   4.1507860e-02   4.8199990e-02   5.5437271e-02   6.3227068e-02   7.1576703e-02   8.0493389e-02   8.9984150e-02   1.0005571e-01   1.1071438e-01   1.2196590e-01   1.3381533e-01   1.4626682e-01   1.5932346e-01   1.7298703e-01   1.8725783e-01   2.0213443e-01   2.1761340e-01   2.3368912e-01   2.5035351e-01   2.6759581e-01   2.8540244e-01   3.0375680e-01   3.2263928e-01   3.4202721e-01   3.6189510e-01   3.8221494e-01   4.0295671e-01   4.2408919e-01   4.4558101e-01   4.6740201e-01   4.8952498e-01   5.1192757e-01   5.3459449e-01   5.5751966e-01   5.8070788e-01   6.0417551e-01   6.2794891e-01   6.5205912e-01   6.7653037e-01   7.0135921e-01   7.2648060e-01   7.5171780e-01   7.7671602e-01   8.0086797e-01   8.2325412e-01   8.4263947e-01   8.5758026e-01   8.6667459e-01   8.6892298e-01   8.6407325e-01   8.5278642e-01   8.3653537e-01   8.1728493e-01   7.9709310e-01   7.7777656e-01   7.6072488e-01   7.4686734e-01   7.3673888e-01   7.3058165e-01   7.2843939e-01   7.3022744e-01   7.3577657e-01   7.4485575e-01   7.5717984e-01   7.7240764e-01   7.9013412e-01   8.0988025e-01   8.3108347e-01   8.5309228e-01   8.7516921e-01   8.9650723e-01   9.1626465e-01   9.3362172e-01   9.4785748e-01   9.5843810e-01   9.6509830e-01   9.6789166e-01   9.6718793e-01   9.6360982e-01   9.5792428e-01   9.5092124e-01   9.4331440e-01   9.3568149e-01   9.2844030e-01   9.2184703e-01   9.1600776e-01   9.1090117e-01   9.0641231e-01   9.0237369e-01   8.9860725e-01   8.9496064e-01   8.9133383e-01   8.8769441e-01   8.8408211e-01   8.8060381e-01   8.7742102e-01   8.7473172e-01   8.7274884e-01   8.7167740e-01   8.7169255e-01   8.7292058e-01   8.7542455e-01   8.7919596e-01   8.8415290e-01   8.9014462e-01   8.9696168e-01   9.0435030e-01   9.1202913e-01   9.1970686e-01   9.2709891e-01   9.3394200e-01   9.4000594e-01   9.4510215e-01   9.4908903e-01   9.5187436e-01   9.5341514e-01   9.5371528e-01   9.5282136e-01   9.5081665e-01   9.4781366e-01   9.4394565e-01   9.3935776e-01   9.3419903e-01   9.2861626e-01   9.2275047e-01   9.1673555e-01   9.1069893e-01   9.0476394e-01   8.9905379e-01   8.9369584e-01   8.8882344e-01   8.8457204e-01   8.8106801e-01   8.7841213e-01   8.7666199e-01   8.7581868e-01   8.7582179e-01   8.7655476e-01   8.7786030e-01   8.7956348e-01   8.8149843e-01   8.8353409e-01   8.8559454e-01   8.8767093e-01   8.8982371e-01   8.9217561e-01   8.9489676e-01   8.9818385e-01   9.0223534e-01   9.0722455e-01   9.1327276e-01   9.2042443e-01   9.2862770e-01   9.3772319e-01   9.4744427e-01   9.5743051e-01   9.6725431e-01   9.7645775e-01   9.8459416e-01   9.9126814e-01   9.9616729e-01   9.9908178e-01   9.9991007e-01   9.9865229e-01   9.9539466e-01   9.9028902e-01   9.8353124e-01   9.7534130e-01   9.6594687e-01   9.5557069e-01   9.4442205e-01   9.3269147e-01   9.2054802e-01   9.0813859e-01   8.9558836e-01   8.8300207e-01   8.7046561e-01   8.5804782e-01   8.4580219e-01   8.3376844e-01   8.2197406e-01   8.1043553e-01   7.9915963e-01   7.8814453e-01   7.7738103e-01   7.6685375e-01   7.5654243e-01   7.4642336e-01   7.3647083e-01
   9.1890214e-03   1.2230496e-02   1.5755536e-02   1.9773249e-02   2.4291789e-02   2.9318883e-02   3.4862105e-02   4.0929027e-02   4.7527286e-02   5.4664610e-02   6.2348818e-02   7.0587785e-02   7.9389393e-02   8.8761467e-02   9.8711687e-02   1.0924750e-01   1.2037598e-01   1.3210373e-01   1.4443673e-01   1.5738014e-01   1.7093815e-01   1.8511382e-01   1.9990879e-01   2.1532317e-01   2.3135522e-01   2.4800120e-01   2.6525512e-01   2.8310856e-01   3.0155052e-01   3.2056724e-01   3.4014222e-01   3.6025622e-01   3.8088741e-01   4.0201172e-01   4.2360325e-01   4.4563499e-01   4.6807972e-01   4.9091106e-01   5.1410478e-01   5.3764005e-01   5.6150050e-01   5.8567468e-01   6.1015523e-01   6.3493557e-01   6.6000283e-01   6.8532455e-01   7.1082694e-01   7.3636187e-01   7.6166193e-01   7.8628664e-01   8.0957181e-01   8.3060630e-01   8.4827227e-01   8.6138337e-01   8.6892428e-01   8.7033540e-01   8.6573152e-01   8.5594989e-01   8.4240159e-01   8.2679329e-01   8.1082794e-01   7.9597649e-01   7.8336324e-01   7.7375454e-01   7.6760940e-01   7.6514957e-01   7.6642205e-01   7.7134362e-01   7.7972681e-01   7.9129123e-01   8.0566517e-01   8.2238215e-01   8.4087685e-01   8.6048469e-01   8.8044967e-01   8.9994523e-01   9.1811211e-01   9.3411547e-01   9.4721905e-01   9.5686785e-01   9.6276369e-01   9.6491338e-01   9.6363091e-01   9.5948678e-01   9.5321442e-01   9.4559957e-01   9.3738165e-01   9.2918522e-01   9.2148311e-01   9.1458305e-01   9.0863076e-01   9.0362722e-01   8.9945953e-01   8.9594165e-01   8.9285858e-01   8.9000698e-01   8.8722718e-01   8.8442420e-01   8.8157749e-01   8.7874059e-01   8.7603245e-01   8.7362237e-01   8.7171071e-01   8.7050717e-01   8.7020894e-01   8.7098023e-01   8.7293517e-01   8.7612528e-01   8.8053251e-01   8.8606824e-01   8.9257806e-01   8.9985151e-01   9.0763568e-01   9.1565111e-01   9.2360841e-01   9.3122430e-01   9.3823582e-01   9.4441187e-01   9.4956193e-01   9.5354162e-01   9.5625545e-01   9.5765708e-01   9.5774745e-01   9.5657098e-01   9.5421020e-01   9.5077894e-01   9.4641444e-01   9.4126880e-01   9.3550099e-01   9.2927000e-01   9.2273029e-01   9.1602953e-01   9.0930845e-01   9.0270257e-01   8.9634553e-01   8.9037308e-01   8.8492547e-01   8.8014498e-01   8.7616635e-01   8.7310026e-01   8.7101332e-01   8.6990983e-01   8.6972057e-01   8.7030280e-01   8.7145253e-01   8.7292794e-01   8.7447989e-01   8.7588406e-01   8.7696918e-01   8.7763677e-01   8.7787060e-01   8.7773588e-01   8.7737025e-01   8.7696926e-01   8.7676885e-01   8.7702661e-01   8.7800303e-01   8.7994300e-01   8.8305762e-01   8.8750663e-01   8.9338158e-01   9.0069113e-01   9.0934977e-01   9.1917237e-01   9.2987649e-01   9.4109406e-01   9.5239285e-01   9.6330613e-01   9.7336742e-01   9.8214580e-01   9.8927682e-01   9.9448506e-01   9.9759598e-01   9.9853670e-01   9.9732746e-01   9.9406641e-01   9.8891090e-01   9.8205823e-01   9.7372795e-01   9.6414695e-01   9.5353802e-01   9.4211165e-01   9.3006091e-01   9.1755856e-01   9.0475607e-01   8.9178380e-01   8.7875208e-01   8.6575257e-01   8.5286003e-01   8.4013390e-01   8.2762000e-01   8.1535197e-01   8.0335261e-01   7.9163514e-01   7.8020426e-01   7.6905725e-01
   9.3530764e-03   1.2459035e-02   1.6059203e-02   2.0162510e-02   2.4776868e-02   2.9909689e-02   3.5568162e-02   4.1759386e-02   4.8490437e-02   5.5768380e-02   6.3600248e-02   7.1993001e-02   8.0953455e-02   9.0488196e-02   1.0060348e-01   1.1130511e-01   1.2259831e-01   1.3448753e-01   1.4697633e-01   1.6006716e-01   1.7376116e-01   1.8805797e-01   2.0295547e-01   2.1844958e-01   2.3453400e-01   2.5120003e-01   2.6843634e-01   2.8622882e-01   3.0456045e-01   3.2341124e-01   3.4275831e-01   3.6257605e-01   3.8283643e-01   4.0350957e-01   4.2456447e-01   4.4597002e-01   4.6769638e-01   4.8971652e-01   5.1200814e-01   5.3455568e-01   5.5735237e-01   5.8040180e-01   6.0371858e-01   6.2732696e-01   6.5125604e-01   6.7552947e-01   7.0014666e-01   7.2505253e-01   7.5009258e-01   7.7495354e-01   7.9909580e-01   8.2169692e-01   8.4164153e-01   8.5760467e-01   8.6826259e-01   8.7261095e-01   8.7029022e-01   8.6177272e-01   8.4831558e-01   8.3170170e-01   8.1388287e-01   7.9665455e-01   7.8144923e-01   7.6926923e-01   7.6072281e-01   7.5610774e-01   7.5549805e-01   7.5881230e-01   7.6585806e-01   7.7635578e-01   7.8994773e-01   8.0619754e-01   8.2458525e-01   8.4450218e-01   8.6525007e-01   8.8604889e-01   9.0605806e-01   9.2441526e-01   9.4029439e-01   9.5298056e-01   9.6195267e-01   9.6695731e-01   9.6805334e-01   9.6560899e-01   9.6024585e-01   9.5274242e-01   9.4392442e-01   9.3457048e-01   9.2534756e-01   9.1677378e-01   9.0919906e-01   9.0279930e-01   8.9758607e-01   8.9343387e-01   8.9012196e-01   8.8738284e-01   8.8494908e-01   8.8259202e-01   8.8014920e-01   8.7754002e-01   8.7477026e-01   8.7192715e-01   8.6916681e-01   8.6669593e-01   8.6474961e-01   8.6356738e-01   8.6336939e-01   8.6433486e-01   8.6658438e-01   8.7016762e-01   8.7505743e-01   8.8115034e-01   8.8827333e-01   8.9619572e-01   9.0464473e-01   9.1332311e-01   9.2192708e-01   9.3016317e-01   9.3776286e-01   9.4449429e-01   9.5017080e-01   9.5465639e-01   9.5786831e-01   9.5977712e-01   9.6040466e-01   9.5981991e-01   9.5813314e-01   9.5548811e-01   9.5205290e-01   9.4800995e-01   9.4354632e-01   9.3884525e-01   9.3407944e-01   9.2940572e-01   9.2496048e-01   9.2085581e-01   9.1717666e-01   9.1397887e-01   9.1128729e-01   9.0909314e-01   9.0735156e-01   9.0598204e-01   9.0487484e-01   9.0390460e-01   9.0294933e-01   9.0191096e-01   9.0073309e-01   8.9941278e-01   8.9800508e-01   8.9662058e-01   8.9541749e-01   8.9458971e-01   8.9435228e-01   8.9492538e-01   8.9651706e-01   8.9930531e-01   9.0341973e-01   9.0892370e-01   9.1579857e-01   9.2393187e-01   9.3311223e-01   9.4303332e-01   9.5330828e-01   9.6349464e-01   9.7312727e-01   9.8175536e-01   9.8897795e-01   9.9447289e-01   9.9801540e-01   9.9948472e-01   9.9885962e-01   9.9620529e-01   9.9165515e-01   9.8539068e-01   9.7762227e-01   9.6857264e-01   9.5846379e-01   9.4750754e-01   9.3589933e-01   9.2381480e-01   9.1140823e-01   8.9881261e-01   8.8614043e-01   8.7348519e-01   8.6092295e-01   8.4851414e-01   8.3630511e-01   8.2432968e-01   8.1261053e-01   8.0116038e-01   7.8998323e-01   7.7907535e-01   7.6842646e-01   7.5802080e-01   7.4783832e-01   7.3785590e-01
   9.3284729e-03   1.2427162e-02   1.6018982e-02   2.0112797e-02   2.4716449e-02   2.9837292e-02   3.5482455e-02   4.1658988e-02   4.8373926e-02   5.5634302e-02   6.3447134e-02   7.1819382e-02   8.0757889e-02   9.0269296e-02   1.0035995e-01   1.1103580e-01   1.2230224e-01   1.3416400e-01   1.4662496e-01   1.5968799e-01   1.7335475e-01   1.8762550e-01   2.0249891e-01   2.1797179e-01   2.3403895e-01   2.5069294e-01   2.6792389e-01   2.8571936e-01   3.0406420e-01   3.2294056e-01   3.4232786e-01   3.6220303e-01   3.8254072e-01   4.0331386e-01   4.2449427e-01   4.4605358e-01   4.6796438e-01   4.9020158e-01   5.1274393e-01   5.3557565e-01   5.5868781e-01   5.8207914e-01   6.0575563e-01   6.2972789e-01   6.5400476e-01   6.7858125e-01   7.0341819e-01   7.2841100e-01   7.5334591e-01   7.7784528e-01   8.0131073e-01   8.2288454e-01   8.4146245e-01   8.5579655e-01   8.6470750e-01   8.6737359e-01   8.6360016e-01   8.5395000e-01   8.3966969e-01   8.2244469e-01   8.0408297e-01   7.8623427e-01   7.7021513e-01   7.5695438e-01   7.4702712e-01   7.4072969e-01   7.3815811e-01   7.3927132e-01   7.4393402e-01   7.5194181e-01   7.6303278e-01   7.7689018e-01   7.9313971e-01   8.1134447e-01   8.3100003e-01   8.5153246e-01   8.7230213e-01   8.9261693e-01   9.1175801e-01   9.2902073e-01   9.4377033e-01   9.5550766e-01   9.6393374e-01   9.6899726e-01   9.7090753e-01   9.7010235e-01   9.6717375e-01   9.6277006e-01   9.5750141e-01   9.5187169e-01   9.4624587e-01   9.4084750e-01   9.3577497e-01   9.3102758e-01   9.2653669e-01   9.2219907e-01   9.1790956e-01   9.1358903e-01   9.0920491e-01   9.0478265e-01   9.0040805e-01   8.9622157e-01   8.9240606e-01   8.8916977e-01   8.8672654e-01   8.8527497e-01   8.8497852e-01   8.8594837e-01   8.8823051e-01   8.9179832e-01   8.9655130e-01   9.0231996e-01   9.0887617e-01   9.1594786e-01   9.2323638e-01   9.3043472e-01   9.3724504e-01   9.4339402e-01   9.4864525e-01   9.5280806e-01   9.5574286e-01   9.5736328e-01   9.5763537e-01   9.5657454e-01   9.5424034e-01   9.5072965e-01   9.4616828e-01   9.4070158e-01   9.3448492e-01   9.2767499e-01   9.2042338e-01   9.1287282e-01   9.0515626e-01   8.9739839e-01   8.8971950e-01   8.8224196e-01   8.7509806e-01   8.6843618e-01   8.6242097e-01   8.5722464e-01   8.5300933e-01   8.4990416e-01   8.4798216e-01   8.4724243e-01   8.4760190e-01   8.4889933e-01   8.5091205e-01   8.5338350e-01   8.5605714e-01   8.5871081e-01   8.6118570e-01   8.6340572e-01   8.6538511e-01   8.6722488e-01   8.6909982e-01   8.7123896e-01   8.7390167e-01   8.7735158e-01   8.8182961e-01   8.8752724e-01   8.9456153e-01   9.0295360e-01   9.1261325e-01   9.2333245e-01   9.3479046e-01   9.4657186e-01   9.5819691e-01   9.6916104e-01   9.7897803e-01   9.8722037e-01   9.9355105e-01   9.9774262e-01   9.9968243e-01   9.9936553e-01   9.9687857e-01   9.9237861e-01   9.8607076e-01   9.7818740e-01   9.6897070e-01   9.5865918e-01   9.4747825e-01   9.3563428e-01   9.2331142e-01   9.1067051e-01   8.9784933e-01   8.8496384e-01   8.7210982e-01   8.5936467e-01   8.4678933e-01   8.3442996e-01   8.2231960e-01   8.1047961e-01   7.9892097e-01   7.8764549e-01   7.7664704e-01   7.6591270e-01
   9.2552466e-03   1.2321173e-02   1.5874336e-02   1.9923654e-02   2.4477063e-02   2.9542037e-02   3.5125854e-02   4.1235749e-02   4.7878978e-02   5.5062853e-02   6.2794728e-02   7.1081970e-02   7.9931913e-02   8.9351791e-02   9.9348652e-02   1.0992927e-01   1.2110002e-01   1.3286678e-01   1.4523477e-01   1.5820840e-01   1.7179113e-01   1.8598528e-01   2.0079185e-01   2.1621034e-01   2.3223857e-01   2.4887247e-01   2.6610595e-01   2.8393076e-01   3.0233633e-01   3.2130978e-01   3.4083594e-01   3.6089741e-01   3.8147481e-01   4.0254717e-01   4.2409242e-01   4.4608810e-01   4.6851222e-01   4.9134429e-01   5.1456635e-01   5.3816402e-01   5.6212712e-01   5.8644952e-01   6.1112746e-01   6.3615541e-01   6.6151774e-01   6.8717451e-01   7.1303882e-01   7.3894387e-01   7.6459920e-01   7.8953981e-01   8.1307967e-01   8.3429216e-01   8.5205001e-01   8.6515516e-01   8.7256259e-01   8.7364910e-01   8.6842956e-01   8.5762389e-01   8.4254301e-01   8.2484274e-01   8.0623717e-01   7.8825838e-01   7.7211624e-01   7.5866382e-01   7.4843624e-01   7.4172045e-01   7.3862493e-01   7.3913420e-01   7.4314514e-01   7.5048762e-01   7.6093354e-01   7.7419826e-01   7.8993752e-01   8.0774247e-01   8.2713493e-01   8.4756538e-01   8.6841634e-01   8.8901438e-01   9.0865440e-01   9.2663871e-01   9.4233156e-01   9.5522447e-01   9.6500181e-01   9.7158950e-01   9.7516813e-01   9.7613866e-01   9.7504349e-01   9.7246349e-01   9.6892121e-01   9.6481625e-01   9.6040264e-01   9.5580106e-01   9.5103030e-01   9.4604451e-01   9.4076865e-01   9.3512915e-01   9.2907851e-01   9.2261285e-01   9.1578185e-01   9.0869157e-01   9.0150095e-01   8.9441344e-01   8.8766496e-01   8.8150951e-01   8.7620346e-01   8.7198929e-01   8.6907979e-01   8.6764352e-01   8.6779226e-01   8.6957146e-01   8.7295441e-01   8.7784063e-01   8.8405900e-01   8.9137536e-01   8.9950432e-01   9.0812427e-01   9.1689434e-01   9.2547220e-01   9.3353097e-01   9.4077441e-01   9.4694928e-01   9.5185448e-01   9.5534679e-01   9.5734331e-01   9.5782096e-01   9.5681324e-01   9.5440452e-01   9.5072194e-01   9.4592525e-01   9.4019484e-01   9.3371938e-01   9.2668494e-01   9.1926721e-01   9.1162810e-01   9.0391587e-01   8.9626760e-01   8.8881367e-01   8.8168474e-01   8.7502050e-01   8.6897654e-01   8.6372370e-01   8.5943617e-01   8.5626910e-01   8.5433159e-01   8.5366255e-01   8.5421610e-01   8.5586091e-01   8.5839476e-01   8.6157240e-01   8.6514196e-01   8.6888313e-01   8.7263990e-01   8.7634231e-01   8.8001407e-01   8.8376586e-01   8.8777642e-01   8.9226452e-01   8.9745537e-01   9.0354494e-01   9.1066561e-01   9.1885676e-01   9.2804409e-01   9.3803115e-01   9.4850598e-01   9.5906316e-01   9.6923961e-01   9.7855857e-01   9.8657508e-01   9.9291548e-01   9.9730502e-01   9.9958097e-01   9.9969141e-01   9.9768278e-01   9.9368024e-01   9.8786530e-01   9.8045405e-01   9.7167831e-01   9.6177071e-01   9.5095404e-01   9.3943415e-01   9.2739612e-01   9.1500251e-01   9.0239337e-01   8.8968714e-01   8.7698216e-01   8.6435847e-01   8.5187958e-01   8.3959421e-01   8.2753791e-01   8.1573446e-01   8.0419719e-01   7.9293016e-01   7.8192931e-01   7.7118366e-01   7.6067647e-01   7.5038652e-01
   9.2334525e-03   1.2290139e-02   1.5832495e-02   1.9869493e-02   2.4409130e-02   2.9458948e-02   3.5026306e-02   4.1118533e-02   4.7742997e-02   5.4907138e-02   6.2618461e-02   7.0884508e-02   7.9712811e-02   8.9110828e-02   9.9085869e-02   1.0964499e-01   1.2079491e-01   1.3254185e-01   1.4489143e-01   1.5784852e-01   1.7141705e-01   1.8559985e-01   2.0039847e-01   2.1581298e-01   2.3184180e-01   2.4848144e-01   2.6572639e-01   2.8356891e-01   3.0199892e-01   3.2100385e-01   3.4056869e-01   3.6067595e-01   3.8130585e-01   4.0243658e-01   4.2404469e-01   4.4610563e-01   4.6859449e-01   4.9148679e-01   5.1475938e-01   5.3839121e-01   5.6236382e-01   5.8666108e-01   6.1126760e-01   6.3616489e-01   6.6132394e-01   6.8669276e-01   7.1217673e-01   7.3761051e-01   7.6272109e-01   7.8708549e-01   8.1009246e-01   8.3092656e-01   8.4860080e-01   8.6206280e-01   8.7037992e-01   8.7296838e-01   8.6979008e-01   8.6143469e-01   8.4904894e-01   8.3414165e-01   8.1833525e-01   8.0313887e-01   7.8979620e-01   7.7922453e-01   7.7202631e-01   7.6853884e-01   7.6889161e-01   7.7305424e-01   7.8086903e-01   7.9206899e-01   8.0628495e-01   8.2304602e-01   8.4177787e-01   8.6180316e-01   8.8234918e-01   9.0256751e-01   9.2157098e-01   9.3849085e-01   9.5255357e-01   9.6316926e-01   9.7001514e-01   9.7309074e-01   9.7272192e-01   9.6950317e-01   9.6418964e-01   9.5757002e-01   9.5035680e-01   9.4311610e-01   9.3623768e-01   9.2993336e-01   9.2425381e-01   9.1911933e-01   9.1436167e-01   9.0977110e-01   9.0514107e-01   9.0030418e-01   8.9515632e-01   8.8966882e-01   8.8389037e-01   8.7794109e-01   8.7200104e-01   8.6629520e-01   8.6107645e-01   8.5660763e-01   8.5314369e-01   8.5091465e-01   8.5011020e-01   8.5086646e-01   8.5325576e-01   8.5727993e-01   8.6286760e-01   8.6987589e-01   8.7809631e-01   8.8726467e-01   8.9707433e-01   9.0719172e-01   9.1727311e-01   9.2698128e-01   9.3600112e-01   9.4405320e-01   9.5090454e-01   9.5637652e-01   9.6034962e-01   9.6276530e-01   9.6362507e-01   9.6298703e-01   9.6095987e-01   9.5769436e-01   9.5337273e-01   9.4819652e-01   9.4237435e-01   9.3611160e-01   9.2960327e-01   9.2303029e-01   9.1655849e-01   9.1033920e-01   9.0451153e-01   8.9920594e-01   8.9454718e-01   8.9065273e-01   8.8762389e-01   8.8553032e-01   8.8439303e-01   8.8417280e-01   8.8476954e-01   8.8603443e-01   8.8779297e-01   8.8987410e-01   8.9213918e-01   8.9450510e-01   8.9695744e-01   8.9955199e-01   9.0240501e-01   9.0567459e-01   9.0953567e-01   9.1415198e-01   9.1964791e-01   9.2608310e-01   9.3343289e-01   9.4157722e-01   9.5030026e-01   9.5930179e-01   9.6821955e-01   9.7665999e-01   9.8423285e-01   9.9058451e-01   9.9542523e-01   9.9854695e-01   9.9983043e-01   9.9924250e-01   9.9682579e-01   9.9268373e-01   9.8696391e-01   9.7984179e-01   9.7150664e-01   9.6215005e-01   9.5195756e-01   9.4110287e-01   9.2974432e-01   9.1802320e-01   9.0606322e-01   8.9397092e-01   8.8183653e-01   8.6973515e-01   8.5772803e-01   8.4586386e-01   8.3417993e-01   8.2270327e-01   8.1145170e-01   8.0043471e-01   7.8965441e-01   7.7910644e-01   7.6878083e-01   7.5866305e-01   7.4873501e-01   7.3897614e-01
   9.2041766e-03   1.2248682e-02   1.5777614e-02   1.9800385e-02   2.4325483e-02   2.9360996e-02   3.4914891e-02   4.0995151e-02   4.7609849e-02   5.4767164e-02   6.2475368e-02   7.0742789e-02   7.9577745e-02   8.8988468e-02   9.8982996e-02   1.0956906e-01   1.2075393e-01   1.3254427e-01   1.4494594e-01   1.5796380e-01   1.7160149e-01   1.8586115e-01   2.0074320e-01   2.1624601e-01   2.3236561e-01   2.4909543e-01   2.6642591e-01   2.8434430e-01   3.0283436e-01   3.2187615e-01   3.4144594e-01   3.6151620e-01   3.8205571e-01   4.0302997e-01   4.2440177e-01   4.4613210e-01   4.6818142e-01   4.9051133e-01   5.1308660e-01   5.3587758e-01   5.5886281e-01   5.8203153e-01   6.0538557e-01   6.2893962e-01   6.5271863e-01   6.7674999e-01   7.0104751e-01   7.2558362e-01   7.5024574e-01   7.7477512e-01   7.9869245e-01   8.2122708e-01   8.4128566e-01   8.5751325e-01   8.6849422e-01   8.7308823e-01   8.7080364e-01   8.6204250e-01   8.4808868e-01   8.3084179e-01   8.1241927e-01   7.9478106e-01   7.7948773e-01   7.6762096e-01   7.5982409e-01   7.5639598e-01   7.5738681e-01   7.6267144e-01   7.7199519e-01   7.8499614e-01   8.0121083e-01   8.2007001e-01   8.4089089e-01   8.6287234e-01   8.8509997e-01   9.0656869e-01   9.2622981e-01   9.4306676e-01   9.5619656e-01   9.6498309e-01   9.6913677e-01   9.6876830e-01   9.6437205e-01   9.5673750e-01   9.4681713e-01   9.3559475e-01   9.2398666e-01   9.1277886e-01   9.0258566e-01   8.9382043e-01   8.8668336e-01   8.8117464e-01   8.7713317e-01   8.7429104e-01   8.7233178e-01   8.7094216e-01   8.6985255e-01   8.6886405e-01   8.6786301e-01   8.6682444e-01   8.6580599e-01   8.6493438e-01   8.6438613e-01   8.6436449e-01   8.6507490e-01   8.6670102e-01   8.6938366e-01   8.7320439e-01   8.7817537e-01   8.8423580e-01   8.9125516e-01   8.9904226e-01   9.0735878e-01   9.1593550e-01   9.2448959e-01   9.3274125e-01   9.4042852e-01   9.4731948e-01   9.5322134e-01   9.5798656e-01   9.6151603e-01   9.6375979e-01   9.6471563e-01   9.6442579e-01   9.6297208e-01   9.6046943e-01   9.5705836e-01   9.5289660e-01   9.4815079e-01   9.4298888e-01   9.3757413e-01   9.3206063e-01   9.2659050e-01   9.2129257e-01   9.1628237e-01   9.1166286e-01   9.0752435e-01   9.0394184e-01   9.0096877e-01   8.9862840e-01   8.9690567e-01   8.9574345e-01   8.9504540e-01   8.9468632e-01   8.9452829e-01   8.9443967e-01   8.9431364e-01   8.9408331e-01   8.9373140e-01   8.9329387e-01   8.9285776e-01   8.9255428e-01   8.9254835e-01   8.9302583e-01   8.9417910e-01   8.9619183e-01   8.9922313e-01   9.0339186e-01   9.0876165e-01   9.1532791e-01   9.2300827e-01   9.3163828e-01   9.4097381e-01   9.5070139e-01   9.6045625e-01   9.6984672e-01   9.7848234e-01   9.8600202e-01   9.9209858e-01   9.9653679e-01   9.9916292e-01   9.9990597e-01   9.9877153e-01   9.9583032e-01   9.9120390e-01   9.8504959e-01   9.7754633e-01   9.6888247e-01   9.5924609e-01   9.4881784e-01   9.3776609e-01   9.2624404e-01   9.1438823e-01   9.0231829e-01   8.9013733e-01   8.7793276e-01   8.6577747e-01   8.5373097e-01   8.4184059e-01   8.3014266e-01   8.1866345e-01   8.0742021e-01   7.9642199e-01   7.8567050e-01   7.7516094e-01   7.6488286e-01
   9.2175757e-03   1.2277988e-02   1.5825414e-02   1.9868707e-02   2.4415736e-02   2.9473918e-02   3.5050489e-02   4.1152651e-02   4.7787646e-02   5.4962779e-02   6.2685417e-02   7.0962961e-02   7.9802797e-02   8.9212236e-02   9.9198437e-02   1.0976831e-01   1.2092842e-01   1.3268486e-01   1.4504311e-01   1.5800790e-01   1.7158306e-01   1.8577130e-01   2.0057409e-01   2.1599142e-01   2.3202161e-01   2.4866111e-01   2.6590433e-01   2.8374341e-01   3.0216809e-01   3.2116557e-01   3.4072042e-01   3.6081453e-01   3.8142721e-01   4.0253525e-01   4.2411320e-01   4.4613367e-01   4.6856775e-01   4.9138543e-01   5.1455610e-01   5.3804877e-01   5.6183195e-01   5.8587287e-01   6.1013539e-01   6.3457612e-01   6.5913765e-01   6.8373809e-01   7.0825572e-01   7.3250839e-01   7.5622815e-01   7.7903442e-01   8.0041232e-01   8.1970766e-01   8.3615337e-01   8.4894034e-01   8.5733493e-01   8.6082495e-01   8.5925473e-01   8.5290280e-01   8.4247276e-01   8.2900065e-01   8.1370993e-01   7.9785476e-01   7.8258750e-01   7.6887259e-01   7.5745147e-01   7.4884761e-01   7.4339409e-01   7.4126797e-01   7.4252154e-01   7.4710614e-01   7.5488807e-01   7.6565755e-01   7.7913266e-01   7.9495997e-01   8.1271391e-01   8.3189659e-01   8.5194058e-01   8.7221737e-01   8.9205484e-01   9.1076693e-01   9.2769742e-01   9.4227669e-01   9.5408470e-01   9.6290708e-01   9.6876660e-01   9.7191461e-01   9.7277697e-01   9.7186619e-01   9.6968535e-01   9.6665258e-01   9.6306413e-01   9.5909704e-01   9.5483815e-01   9.5032293e-01   9.4557153e-01   9.4061640e-01   9.3552002e-01   9.3038371e-01   9.2534827e-01   9.2058781e-01   9.1629834e-01   9.1268254e-01   9.0993283e-01   9.0821423e-01   9.0764899e-01   9.0830423e-01   9.1018388e-01   9.1322558e-01   9.1730275e-01   9.2223160e-01   9.2778217e-01   9.3369230e-01   9.3968317e-01   9.4547488e-01   9.5080090e-01   9.5542037e-01   9.5912763e-01   9.6175869e-01   9.6319485e-01   9.6336354e-01   9.6223693e-01   9.5982865e-01   9.5618901e-01   9.5139901e-01   9.4556339e-01   9.3880301e-01   9.3124711e-01   9.2302598e-01   9.1426493e-01   9.0507999e-01   8.9557591e-01   8.8584658e-01   8.7597820e-01   8.6605552e-01   8.5617068e-01   8.4643326e-01   8.3697895e-01   8.2797388e-01   8.1961289e-01   8.1211130e-01   8.0569120e-01   8.0056398e-01   7.9691053e-01   7.9486098e-01   7.9447582e-01   7.9573101e-01   7.9851007e-01   8.0260601e-01   8.0773508e-01   8.1356218e-01   8.1973531e-01   8.2592450e-01   8.3185903e-01   8.3735714e-01   8.4234414e-01   8.4685702e-01   8.5103605e-01   8.5510581e-01   8.5934850e-01   8.6407255e-01   8.6957903e-01   8.7612789e-01   8.8390607e-01   8.9299972e-01   9.0337326e-01   9.1485859e-01   9.2715728e-01   9.3985767e-01   9.5246645e-01   9.6445136e-01   9.7528931e-01   9.8451249e-01   9.9174564e-01   9.9672957e-01   9.9932921e-01   9.9952744e-01   9.9740845e-01   9.9313500e-01   9.8692387e-01   9.7902294e-01   9.6969174e-01   9.5918649e-01   9.4774956e-01   9.3560279e-01   9.2294399e-01   9.0994566e-01   8.9675537e-01   8.8349703e-01   8.7027272e-01   8.5716474e-01   8.4423761e-01   8.3154000e-01   8.1910652e-01   8.0695921e-01   7.9510904e-01   7.8355723e-01
   9.2184230e-03   1.2282603e-02   1.5835207e-02   1.9885290e-02   2.4440943e-02   2.9509816e-02   3.5099391e-02   4.1217120e-02   4.7870492e-02   5.5067053e-02   6.2814389e-02   7.1120093e-02   7.9991699e-02   8.9436612e-02   9.9462009e-02   1.1007473e-01   1.2128115e-01   1.3308704e-01   1.4549739e-01   1.5851627e-01   1.7214660e-01   1.8638996e-01   2.0124638e-01   2.1671413e-01   2.3278947e-01   2.4946645e-01   2.6673672e-01   2.8458934e-01   3.0301064e-01   3.2198421e-01   3.4149086e-01   3.6150882e-01   3.8201401e-01   4.0298052e-01   4.2438130e-01   4.4618915e-01   4.6837791e-01   4.9092394e-01   5.1380788e-01   5.3701641e-01   5.6054388e-01   5.8439336e-01   6.0857623e-01   6.3310931e-01   6.5800752e-01   6.8326963e-01   7.0885388e-01   7.3463993e-01   7.6037506e-01   7.8560710e-01   8.0961667e-01   8.3137765e-01   8.4959169e-01   8.6284472e-01   8.6989738e-01   8.7004164e-01   8.6337996e-01   8.5088758e-01   8.3422383e-01   8.1538148e-01   7.9631675e-01   7.7867859e-01   7.6368845e-01   7.5214908e-01   7.4452315e-01   7.4102700e-01   7.4170829e-01   7.4649754e-01   7.5523488e-01   7.6767732e-01   7.8349224e-01   8.0224220e-01   8.2336569e-01   8.4615952e-01   8.6976944e-01   8.9319828e-01   9.1534174e-01   9.3506084e-01   9.5129352e-01   9.6319429e-01   9.7027319e-01   9.7249066e-01   9.7026743e-01   9.6439606e-01   9.5588358e-01   9.4578543e-01   9.3508100e-01   9.2460094e-01   9.1498586e-01   9.0666023e-01   8.9982487e-01   8.9447695e-01   8.9045624e-01   8.8750572e-01   8.8533235e-01   8.8365814e-01   8.8225703e-01   8.8097723e-01   8.7975047e-01   8.7859046e-01   8.7758261e-01   8.7686738e-01   8.7661922e-01   8.7702331e-01   8.7825224e-01   8.8044468e-01   8.8368815e-01   8.8800705e-01   8.9335718e-01   8.9962668e-01   9.0664299e-01   9.1418460e-01   9.2199610e-01   9.2980470e-01   9.3733672e-01   9.4433254e-01   9.5055908e-01   9.5581938e-01   9.5995893e-01   9.6286914e-01   9.6448811e-01   9.6479918e-01   9.6382775e-01   9.6163651e-01   9.5831948e-01   9.5399510e-01   9.4879874e-01   9.4287527e-01   9.3637238e-01   9.2943529e-01   9.2220339e-01   9.1480903e-01   9.0737840e-01   9.0003488e-01   8.9290412e-01   8.8611975e-01   8.7982686e-01   8.7418062e-01   8.6933804e-01   8.6544320e-01   8.6260831e-01   8.6089443e-01   8.6029595e-01   8.6073271e-01   8.6205249e-01   8.6404474e-01   8.6646406e-01   8.6906023e-01   8.7160927e-01   8.7394063e-01   8.7595612e-01   8.7763863e-01   8.7905059e-01   8.8032397e-01   8.8164424e-01   8.8323093e-01   8.8531671e-01   8.8812647e-01   8.9185736e-01   8.9666020e-01   9.0262331e-01   9.0975931e-01   9.1799634e-01   9.2717506e-01   9.3705259e-01   9.4731418e-01   9.5759221e-01   9.6749122e-01   9.7661612e-01   9.8460033e-01   9.9113028e-01   9.9596356e-01   9.9893893e-01   9.9997808e-01   9.9908020e-01   9.9631118e-01   9.9178976e-01   9.8567263e-01   9.7814027e-01   9.6938453e-01   9.5959853e-01   9.4896915e-01   9.3767167e-01   9.2586656e-01   9.1369766e-01   9.0129167e-01   8.8875834e-01   8.7619128e-01   8.6366896e-01   8.5125590e-01   8.3900389e-01   8.2695309e-01   8.1513311e-01   8.0356399e-01   7.9225701e-01   7.8121561e-01
   9.3865413e-03   1.2521194e-02   1.6156038e-02   2.0299645e-02   2.4959582e-02   3.0142906e-02   3.5856418e-02   4.2106792e-02   4.8900629e-02   5.6244468e-02   6.4144764e-02   7.2607836e-02   8.1639801e-02   9.1246485e-02   1.0143332e-01   1.1220521e-01   1.2356643e-01   1.3552042e-01   1.4806966e-01   1.6121547e-01   1.7495784e-01   1.8929518e-01   2.0422415e-01   2.1973945e-01   2.3583359e-01   2.5249670e-01   2.6971638e-01   2.8747754e-01   3.0576234e-01   3.2455016e-01   3.4381769e-01   3.6353917e-01   3.8368669e-01   4.0423078e-01   4.2514111e-01   4.4638752e-01   4.6794122e-01   4.8977623e-01   5.1187110e-01   5.3421058e-01   5.5678728e-01   5.7960281e-01   6.0266793e-01   6.2600079e-01   6.4962207e-01   6.7354519e-01   6.9775941e-01   7.2220323e-01   7.4672602e-01   7.7103798e-01   7.9465358e-01   8.1684293e-01   8.3661793e-01   8.5278977e-01   8.6412837e-01   8.6961922e-01   8.6875252e-01   8.6173205e-01   8.4950611e-01   8.3360350e-01   8.1584307e-01   7.9802213e-01   7.8167540e-01   7.6795211e-01   7.5760464e-01   7.5104633e-01   7.4843270e-01   7.4973599e-01   7.5480051e-01   7.6337784e-01   7.7514545e-01   7.8971405e-01   8.0662795e-01   8.2536270e-01   8.4532346e-01   8.6584780e-01   8.8621641e-01   9.0567580e-01   9.2347551e-01   9.3892086e-01   9.5143788e-01   9.6064139e-01   9.6639131e-01   9.6881970e-01   9.6831429e-01   9.6545611e-01   9.6092445e-01   9.5539427e-01   9.4945217e-01   9.4354592e-01   9.3796738e-01   9.3285967e-01   9.2823899e-01   9.2402543e-01   9.2007914e-01   9.1623817e-01   9.1235345e-01   9.0831678e-01   9.0407952e-01   8.9966138e-01   8.9515022e-01   8.9069423e-01   8.8648848e-01   8.8275742e-01   8.7973514e-01   8.7764498e-01   8.7668002e-01   8.7698587e-01   8.7864719e-01   8.8167881e-01   8.8602232e-01   8.9154815e-01   8.9806304e-01   9.0532189e-01   9.1304288e-01   9.2092441e-01   9.2866226e-01   9.3596574e-01   9.4257156e-01   9.4825501e-01   9.5283782e-01   9.5619307e-01   9.5824705e-01   9.5897882e-01   9.5841751e-01   9.5663774e-01   9.5375341e-01   9.4990985e-01   9.4527482e-01   9.4002891e-01   9.3435647e-01   9.2843805e-01   9.2244485e-01   9.1653490e-01   9.1085015e-01   9.0551425e-01   9.0063087e-01   8.9628238e-01   8.9252732e-01   8.8939515e-01   8.8687813e-01   8.8492321e-01   8.8342870e-01   8.8224976e-01   8.8121386e-01   8.8014344e-01   8.7888122e-01   8.7731260e-01   8.7538140e-01   8.7309732e-01   8.7053538e-01   8.6782935e-01   8.6516117e-01   8.6274862e-01   8.6083238e-01   8.5966326e-01   8.5948947e-01   8.6054362e-01   8.6302900e-01   8.6710473e-01   8.7287008e-01   8.8034866e-01   8.8947408e-01   9.0007933e-01   9.1189276e-01   9.2454309e-01   9.3757539e-01   9.5047791e-01   9.6271772e-01   9.7378072e-01   9.8321057e-01   9.9064072e-01   9.9581541e-01   9.9859752e-01   9.9896395e-01   9.9699118e-01   9.9283460e-01   9.8670551e-01   9.7884892e-01   9.6952422e-01   9.5898981e-01   9.4749201e-01   9.3525769e-01   9.2249017e-01   9.0936752e-01   8.9604258e-01   8.8264408e-01   8.6927841e-01   8.5603166e-01   8.4297176e-01   8.3015043e-01   8.1760512e-01   8.0536063e-01   7.9343063e-01   7.8181899e-01   7.7052108e-01
   9.2676594e-03   1.2347279e-02   1.5917506e-02   1.9987355e-02   2.4564874e-02   2.9657656e-02   3.5273109e-02   4.1418602e-02   4.8101524e-02   5.5329311e-02   6.3109426e-02   7.1449319e-02   8.0356372e-02   8.9837814e-02   9.9900627e-02   1.1055143e-01   1.2179635e-01   1.3364087e-01   1.4608966e-01   1.5914641e-01   1.7281358e-01   1.8709226e-01   2.0198185e-01   2.1747988e-01   2.3358173e-01   2.5028037e-01   2.6756615e-01   2.8542652e-01   3.0384587e-01   3.2280537e-01   3.4228288e-01   3.6225299e-01   3.8268714e-01   4.0355394e-01   4.2481964e-01   4.4644886e-01   4.6840555e-01   4.9065423e-01   5.1316145e-01   5.3589745e-01   5.5883784e-01   5.8196508e-01   6.0526924e-01   6.2874746e-01   6.5240092e-01   6.7622798e-01   7.0021153e-01   7.2429828e-01   7.4836814e-01   7.7219324e-01   7.9539004e-01   8.1737511e-01   8.3734536e-01   8.5431246e-01   8.6721988e-01   8.7514729e-01   8.7756018e-01   8.7451661e-01   8.6673948e-01   8.5551830e-01   8.4248089e-01   8.2931911e-01   8.1755110e-01   8.0837218e-01   8.0260354e-01   8.0071259e-01   8.0286701e-01   8.0899223e-01   8.1881703e-01   8.3190391e-01   8.4766739e-01   8.6538635e-01   8.8421772e-01   9.0321844e-01   9.2138245e-01   9.3769713e-01   9.5122003e-01   9.6117031e-01   9.6702132e-01   9.6857407e-01   9.6598902e-01   9.5976165e-01   9.5064469e-01   9.3953903e-01   9.2738435e-01   9.1507125e-01   9.0337713e-01   8.9291730e-01   8.8410726e-01   8.7714293e-01   8.7200737e-01   8.6850510e-01   8.6631606e-01   8.6505676e-01   8.6433797e-01   8.6381194e-01   8.6320611e-01   8.6234315e-01   8.6114858e-01   8.5964788e-01   8.5795522e-01   8.5625580e-01   8.5478386e-01   8.5379825e-01   8.5355743e-01   8.5429572e-01   8.5620235e-01   8.5940493e-01   8.6395805e-01   8.6983806e-01   8.7694375e-01   8.8510283e-01   8.9408319e-01   9.0360774e-01   9.1337141e-01   9.2305881e-01   9.3236123e-01   9.4099183e-01   9.4869830e-01   9.5527257e-01   9.6055751e-01   9.6445075e-01   9.6690580e-01   9.6793093e-01   9.6758582e-01   9.6597629e-01   9.6324700e-01   9.5957254e-01   9.5514722e-01   9.5017472e-01   9.4485848e-01   9.3939373e-01   9.3396130e-01   9.2872286e-01   9.2381734e-01   9.1935850e-01   9.1543350e-01   9.1210142e-01   9.0939048e-01   9.0729363e-01   9.0576462e-01   9.0471794e-01   9.0403559e-01   9.0358144e-01   9.0322087e-01   9.0284188e-01   9.0237321e-01   9.0179652e-01   9.0115107e-01   9.0053130e-01   9.0007832e-01   8.9996721e-01   9.0039169e-01   9.0154724e-01   9.0361385e-01   9.0673881e-01   9.1102049e-01   9.1649403e-01   9.2312007e-01   9.3077838e-01   9.3926758e-01   9.4831231e-01   9.5757810e-01   9.6669294e-01   9.7527348e-01   9.8295265e-01   9.8940513e-01   9.9436760e-01   9.9765157e-01   9.9914801e-01   9.9882460e-01   9.9671697e-01   9.9291623e-01   9.8755493e-01   9.8079312e-01   9.7280589e-01   9.6377294e-01   9.5387068e-01   9.4326643e-01   9.3211473e-01   9.2055524e-01   9.0871187e-01   8.9669271e-01   8.8459067e-01   8.7248437e-01   8.6043920e-01   8.4850850e-01   8.3673464e-01   8.2515012e-01   8.1377851e-01   8.0263537e-01   7.9172904e-01   7.8106148e-01   7.7062896e-01   7.6042293e-01   7.5043073e-01
   9.2546160e-03   1.2331558e-02   1.5899024e-02   1.9966050e-02   2.4540737e-02   2.9630751e-02   3.5243585e-02   4.1386700e-02   4.8067590e-02   5.5293796e-02   6.3072894e-02   7.1412453e-02   8.0319971e-02   8.9802799e-02   9.9868032e-02   1.1052240e-01   1.2177213e-01   1.3362278e-01   1.4607909e-01   1.5914476e-01   1.7282226e-01   1.8711259e-01   2.0201504e-01   2.1752692e-01   2.3364331e-01   2.5035677e-01   2.6765708e-01   2.8553098e-01   3.0396196e-01   3.2293007e-01   3.4241182e-01   3.6238018e-01   3.8280464e-01   4.0365157e-01   4.2488461e-01   4.4646540e-01   4.6835456e-01   4.9051291e-01   5.1290295e-01   5.3549067e-01   5.5824726e-01   5.8115086e-01   6.0418766e-01   6.2735182e-01   6.5064334e-01   6.7406241e-01   6.9759853e-01   7.2121238e-01   7.4480839e-01   7.6819726e-01   7.9105051e-01   8.1285535e-01   8.3288660e-01   8.5022193e-01   8.6382903e-01   8.7273804e-01   8.7627493e-01   8.7428503e-01   8.6725630e-01   8.5628605e-01   8.4290309e-01   8.2881218e-01   8.1564115e-01   8.0475404e-01   7.9715810e-01   7.9349363e-01   7.9407306e-01   7.9893557e-01   8.0789540e-01   8.2057572e-01   8.3642834e-01   8.5474446e-01   8.7466365e-01   8.9518971e-01   9.1522181e-01   9.3360895e-01   9.4923200e-01   9.6111059e-01   9.6852184e-01   9.7110570e-01   9.6892544e-01   9.6245777e-01   9.5250960e-01   9.4008840e-01   9.2626933e-01   9.1209035e-01   8.9847618e-01   8.8617591e-01   8.7570934e-01   8.6733518e-01   8.6105524e-01   8.5665579e-01   8.5377316e-01   8.5196668e-01   8.5078550e-01   8.4982180e-01   8.4874803e-01   8.4733888e-01   8.4548020e-01   8.4316708e-01   8.4049371e-01   8.3763692e-01   8.3483539e-01   8.3236618e-01   8.3052029e-01   8.2957865e-01   8.2979010e-01   8.3135251e-01   8.3439821e-01   8.3898439e-01   8.4508895e-01   8.5261180e-01   8.6138125e-01   8.7116463e-01   8.8168233e-01   8.9262386e-01   9.0366469e-01   9.1448282e-01   9.2477406e-01   9.3426516e-01   9.4272458e-01   9.4997050e-01   9.5587633e-01   9.6037347e-01   9.6345185e-01   9.6515783e-01   9.6558956e-01   9.6488958e-01   9.6323467e-01   9.6082348e-01   9.5786333e-01   9.5455761e-01   9.5109528e-01   9.4764261e-01   9.4433675e-01   9.4128095e-01   9.3854224e-01   9.3615226e-01   9.3411099e-01   9.3239205e-01   9.3094882e-01   9.2972176e-01   9.2864816e-01   9.2767412e-01   9.2676723e-01   9.2592736e-01   9.2519316e-01   9.2464310e-01   9.2439092e-01   9.2457620e-01   9.2535124e-01   9.2686536e-01   9.2924777e-01   9.3259039e-01   9.3693190e-01   9.4224478e-01   9.4842713e-01   9.5530103e-01   9.6261862e-01   9.7007625e-01   9.7733550e-01   9.8404872e-01   9.8988573e-01   9.9455796e-01   9.9783696e-01   9.9956534e-01   9.9965973e-01   9.9810670e-01   9.9495337e-01   9.9029503e-01   9.8426168e-01   9.7700522e-01   9.6868828e-01   9.5947521e-01   9.4952533e-01   9.3898829e-01   9.2800117e-01   9.1668699e-01   9.0515423e-01   8.9349697e-01   8.8179563e-01   8.7011777e-01   8.5851912e-01   8.4704459e-01   8.3572921e-01   8.2459906e-01   8.1367204e-01   8.0295869e-01   7.9246291e-01   7.8218265e-01   7.7211072e-01   7.6223551e-01   7.5254188e-01   7.4301207e-01   7.3362663e-01   7.2436541e-01
   8.9983291e-03   1.1954423e-02   1.5379215e-02   1.9282205e-02   2.3672003e-02   2.8556864e-02   3.3944984e-02   3.9844656e-02   4.6264358e-02   5.3212795e-02   6.0698911e-02   6.8731882e-02   7.7321086e-02   8.6476066e-02   9.6206471e-02   1.0652199e-01   1.1743229e-01   1.2894687e-01   1.4107504e-01   1.5382575e-01   1.6720747e-01   1.8122809e-01   1.9589473e-01   2.1121367e-01   2.2719015e-01   2.4382826e-01   2.6113086e-01   2.7909945e-01   2.9773416e-01   3.1703381e-01   3.3699598e-01   3.5761723e-01   3.7889353e-01   4.0082071e-01   4.2339523e-01   4.4661498e-01   4.7048039e-01   4.9499534e-01   5.2016805e-01   5.4601110e-01   5.7254001e-01   5.9976892e-01   6.2770128e-01   6.5631220e-01   6.8551838e-01   7.1513079e-01   7.4478704e-01   7.7386732e-01   8.0141368e-01   8.2609776e-01   8.4630661e-01   8.6040788e-01   8.6717681e-01   8.6623347e-01   8.5826079e-01   8.4486836e-01   8.2817509e-01   8.1032212e-01   7.9311073e-01   7.7784820e-01   7.6536962e-01   7.5614825e-01   7.5041829e-01   7.4827046e-01   7.4971132e-01   7.5469129e-01   7.6311038e-01   7.7480939e-01   7.8955234e-01   8.0700443e-01   8.2670936e-01   8.4807014e-01   8.7033897e-01   8.9262314e-01   9.1391502e-01   9.3315280e-01   9.4931425e-01   9.6153578e-01   9.6923624e-01   9.7221341e-01   9.7067947e-01   9.6521758e-01   9.5667175e-01   9.4601029e-01   9.3420699e-01   9.2215980e-01   9.1063751e-01   9.0023823e-01   8.9135802e-01   8.8417998e-01   8.7869109e-01   8.7472274e-01   8.7200375e-01   8.7021435e-01   8.6903337e-01   8.6817498e-01   8.6741428e-01   8.6660256e-01   8.6567338e-01   8.6464094e-01   8.6359194e-01   8.6267195e-01   8.6206779e-01   8.6198703e-01   8.6263630e-01   8.6420003e-01   8.6682139e-01   8.7058695e-01   8.7551649e-01   8.8155852e-01   8.8859201e-01   8.9643362e-01   9.0484962e-01   9.1357102e-01   9.2231034e-01   9.3077842e-01   9.3869994e-01   9.4582658e-01   9.5194731e-01   9.5689550e-01   9.6055288e-01   9.6285080e-01   9.6376902e-01   9.6333238e-01   9.6160577e-01   9.5868751e-01   9.5470152e-01   9.4978876e-01   9.4409862e-01   9.3778137e-01   9.3098230e-01   9.2383832e-01   9.1647681e-01   9.0901708e-01   9.0157447e-01   8.9426687e-01   8.8722240e-01   8.8058531e-01   8.7451694e-01   8.6918980e-01   8.6477488e-01   8.6142432e-01   8.5925296e-01   8.5832172e-01   8.5862616e-01   8.6009230e-01   8.6258148e-01   8.6590434e-01   8.6984273e-01   8.7417644e-01   8.7871055e-01   8.8329890e-01   8.8785999e-01   8.9238306e-01   8.9692382e-01   9.0159091e-01   9.0652537e-01   9.1187580e-01   9.1777232e-01   9.2430224e-01   9.3149014e-01   9.3928488e-01   9.4755515e-01   9.5609451e-01   9.6463553e-01   9.7287128e-01   9.8048117e-01   9.8715764e-01   9.9262996e-01   9.9668232e-01   9.9916464e-01   9.9999583e-01   9.9916038e-01   9.9670018e-01   9.9270333e-01   9.8729202e-01   9.8061073e-01   9.7281580e-01   9.6406691e-01   9.5452054e-01   9.4432528e-01   9.3361878e-01   9.2252601e-01   9.1115854e-01   8.9961440e-01   8.8797855e-01   8.7632352e-01   8.6471026e-01   8.5318902e-01   8.4180016e-01   8.3057503e-01   8.1953670e-01   8.0870063e-01   7.9807539e-01   7.8766328e-01   7.7746102e-01
   9.2365616e-03   1.2301483e-02   1.5853967e-02   1.9902897e-02   2.4456172e-02   2.9521230e-02   3.5105326e-02   4.1215677e-02   4.7859536e-02   5.5044212e-02   6.2777073e-02   7.1065511e-02   7.9916896e-02   8.9338516e-02   9.9337493e-02   1.0992069e-01   1.2109462e-01   1.3286530e-01   1.4523813e-01   1.5821774e-01   1.7180785e-01   1.8601108e-01   2.0082877e-01   2.1626082e-01   2.3230549e-01   2.4895922e-01   2.6621648e-01   2.8406959e-01   3.0250867e-01   3.2152155e-01   3.4109378e-01   3.6120875e-01   3.8184789e-01   4.0299102e-01   4.2461683e-01   4.4670356e-01   4.6922975e-01   4.9217521e-01   5.1552185e-01   5.3925447e-01   5.6336096e-01   5.8783142e-01   6.1265551e-01   6.3781660e-01   6.6328112e-01   6.8898095e-01   7.1478655e-01   7.4046924e-01   7.6565389e-01   7.8976894e-01   8.1201089e-01   8.3135194e-01   8.4662547e-01   8.5671037e-01   8.6079158e-01   8.5861562e-01   8.5063083e-01   8.3794173e-01   8.2209503e-01   8.0478633e-01   7.8759090e-01   7.7178994e-01   7.5831025e-01   7.4774980e-01   7.4044485e-01   7.3654260e-01   7.3606034e-01   7.3892606e-01   7.4500207e-01   7.5409602e-01   7.6596343e-01   7.8030509e-01   7.9676204e-01   8.1491020e-01   8.3425699e-01   8.5424220e-01   8.7424601e-01   8.9360733e-01   9.1165511e-01   9.2775378e-01   9.4136030e-01   9.5208559e-01   9.5974705e-01   9.6439644e-01   9.6630982e-01   9.6593600e-01   9.6381438e-01   9.6048436e-01   9.5641092e-01   9.5194246e-01   9.4730263e-01   9.4260700e-01   9.3789212e-01   9.3314731e-01   9.2834441e-01   9.2346287e-01   9.1850910e-01   9.1352893e-01   9.0861276e-01   9.0389361e-01   8.9953909e-01   8.9573858e-01   8.9268723e-01   8.9056860e-01   8.8953759e-01   8.8970528e-01   8.9112710e-01   8.9379543e-01   8.9763724e-01   9.0251696e-01   9.0824408e-01   9.1458467e-01   9.2127550e-01   9.2803948e-01   9.3460089e-01   9.4069929e-01   9.4610118e-01   9.5060904e-01   9.5406736e-01   9.5636596e-01   9.5744083e-01   9.5727283e-01   9.5588466e-01   9.5333634e-01   9.4971935e-01   9.4514987e-01   9.3976120e-01   9.3369628e-01   9.2710088e-01   9.2011850e-01   9.1288735e-01   9.0553959e-01   8.9820266e-01   8.9100263e-01   8.8406915e-01   8.7754070e-01   8.7156738e-01   8.6630811e-01   8.6192017e-01   8.5854158e-01   8.5626929e-01   8.5513817e-01   8.5510597e-01   8.5604855e-01   8.5776806e-01   8.6001400e-01   8.6251443e-01   8.6501198e-01   8.6729818e-01   8.6924037e-01   8.7079722e-01   8.7202208e-01   8.7305535e-01   8.7410864e-01   8.7544351e-01   8.7734721e-01   8.8010695e-01   8.8398334e-01   8.8918386e-01   8.9583707e-01   9.0396952e-01   9.1348788e-01   9.2417012e-01   9.3566892e-01   9.4753012e-01   9.5922585e-01   9.7019941e-01   9.7991536e-01   9.8790692e-01   9.9381315e-01   9.9740061e-01   9.9856805e-01   9.9733616e-01   9.9382663e-01   9.8823591e-01   9.8080829e-01   9.7181164e-01   9.6151788e-01   9.5018863e-01   9.3806566e-01   9.2536558e-01   9.1227753e-01   8.9896303e-01   8.8555730e-01   8.7217123e-01   8.5889377e-01   8.4579431e-01   8.3292499e-01   8.2032276e-01   8.0801130e-01   7.9600265e-01   7.8429878e-01   7.7289309e-01   7.6177180e-01   7.5091546e-01   7.4030042e-01
   9.1952426e-03   1.2240729e-02   1.5770442e-02   1.9793405e-02   2.4317683e-02   2.9350894e-02   3.4900495e-02   4.0973924e-02   4.7578684e-02   5.4722364e-02   6.2412642e-02   7.0657257e-02   7.9463965e-02   8.8840478e-02   9.8794385e-02   1.0933307e-01   1.2046360e-01   1.3219261e-01   1.4452618e-01   1.5746967e-01   1.7102759e-01   1.8520343e-01   1.9999945e-01   2.1541657e-01   2.3145412e-01   2.4810970e-01   2.6537905e-01   2.8325585e-01   3.0173169e-01   3.2079601e-01   3.4043613e-01   3.6063740e-01   3.8138348e-01   4.0265671e-01   4.2443874e-01   4.4671130e-01   4.6945716e-01   4.9266125e-01   5.1631179e-01   5.4040131e-01   5.6492713e-01   5.8989061e-01   6.1529434e-01   6.4113551e-01   6.6739340e-01   6.9400795e-01   7.2084622e-01   7.4765433e-01   7.7399621e-01   7.9918934e-01   8.2226260e-01   8.4197931e-01   8.5697461e-01   8.6602782e-01   8.6841481e-01   8.6420106e-01   8.5432470e-01   8.4041748e-01   8.2444725e-01   8.0833482e-01   7.9367622e-01   7.8162495e-01   7.7290838e-01   7.6791317e-01   7.6678220e-01   7.6949195e-01   7.7590191e-01   7.8577938e-01   7.9880638e-01   8.1457583e-01   8.3258284e-01   8.5221652e-01   8.7275769e-01   8.9338799e-01   9.1321636e-01   9.3132731e-01   9.4685278e-01   9.5906237e-01   9.6745814e-01   9.7185167e-01   9.7239787e-01   9.6956827e-01   9.6406617e-01   9.5670853e-01   9.4831038e-01   9.3959873e-01   9.3116130e-01   9.2342029e-01   9.1662278e-01   9.1084700e-01   9.0602661e-01   9.0199052e-01   8.9851041e-01   8.9534700e-01   8.9228832e-01   8.8917688e-01   8.8592540e-01   8.8252236e-01   8.7902928e-01   8.7557168e-01   8.7232552e-01   8.6950044e-01   8.6732149e-01   8.6601015e-01   8.6576616e-01   8.6675099e-01   8.6907406e-01   8.7278260e-01   8.7785580e-01   8.8420358e-01   8.9167010e-01   9.0004161e-01   9.0905798e-01   9.1842683e-01   9.2783913e-01   9.3698509e-01   9.4556907e-01   9.5332266e-01   9.6001537e-01   9.6546245e-01   9.6952984e-01   9.7213652e-01   9.7325430e-01   9.7290557e-01   9.7115917e-01   9.6812451e-01   9.6394432e-01   9.5878609e-01   9.5283307e-01   9.4627540e-01   9.3930249e-01   9.3209727e-01   9.2483263e-01   9.1766994e-01   9.1075964e-01   9.0424376e-01   8.9825964e-01   8.9294301e-01   8.8842754e-01   8.8483855e-01   8.8228072e-01   8.8082211e-01   8.8047926e-01   8.8120820e-01   8.8290507e-01   8.8541781e-01   8.8856728e-01   8.9217413e-01   8.9608603e-01   9.0019968e-01   9.0447354e-01   9.0892884e-01   9.1363917e-01   9.1871046e-01   9.2425481e-01   9.3036198e-01   9.3707291e-01   9.4435902e-01   9.5211070e-01   9.6013710e-01   9.6817750e-01   9.7592287e-01   9.8304418e-01   9.8922273e-01   9.9417787e-01   9.9768817e-01   9.9960378e-01   9.9984971e-01   9.9842135e-01   9.9537436e-01   9.9081159e-01   9.8486915e-01   9.7770336e-01   9.6947968e-01   9.6036386e-01   9.5051550e-01   9.4008373e-01   9.2920459e-01   9.1799974e-01   9.0657615e-01   8.9502640e-01   8.8342940e-01   8.7185130e-01   8.6034647e-01   8.4895854e-01   8.3772132e-01   8.2665971e-01   8.1579054e-01   8.0512335e-01   7.9466116e-01   7.8440125e-01   7.7433597e-01   7.6445359e-01   7.5473920e-01   7.4517565e-01   7.3574454e-01
   9.0718512e-03   1.2061610e-02   1.5526143e-02   1.9474860e-02   2.3916260e-02   2.8858470e-02   3.4309527e-02   4.0277531e-02   4.6770730e-02   5.3797551e-02   6.1366608e-02   6.9486680e-02   7.8166676e-02   8.7415584e-02   9.7242398e-02   1.0765604e-01   1.1866527e-01   1.3027855e-01   1.4250396e-01   1.5534903e-01   1.6882059e-01   1.8292462e-01   1.9766608e-01   2.1304870e-01   2.2907484e-01   2.4574529e-01   2.6305908e-01   2.8101340e-01   2.9960341e-01   3.1882228e-01   3.3866114e-01   3.5910923e-01   3.8015416e-01   4.0178234e-01   4.2397948e-01   4.4673144e-01   4.7002518e-01   4.9384976e-01   5.1819745e-01   5.4306448e-01   5.6845095e-01   5.9435928e-01   6.2078961e-01   6.4773038e-01   6.7514139e-01   7.0292578e-01   7.3088791e-01   7.5867593e-01   7.8571466e-01   8.1114679e-01   8.3381910e-01   8.5236471e-01   8.6542141e-01   8.7196812e-01   8.7166963e-01   8.6506667e-01   8.5350671e-01   8.3884860e-01   8.2307846e-01   8.0798164e-01   7.9495555e-01   7.8496835e-01   7.7861295e-01   7.7619464e-01   7.7781067e-01   7.8340443e-01   7.9279289e-01   8.0567324e-01   8.2161597e-01   8.4005190e-01   8.6026061e-01   8.8136815e-01   9.0236232e-01   9.2213389e-01   9.3954936e-01   9.5355481e-01   9.6329988e-01   9.6825831e-01   9.6831231e-01   9.6377085e-01   9.5531075e-01   9.4386009e-01   9.3046577e-01   9.1618234e-01   9.0199166e-01   8.8873953e-01   8.7707890e-01   8.6742683e-01   8.5995016e-01   8.5458574e-01   8.5108824e-01   8.4909163e-01   8.4817128e-01   8.4789853e-01   8.4788365e-01   8.4780663e-01   8.4743651e-01   8.4664077e-01   8.4538609e-01   8.4373203e-01   8.4181883e-01   8.3985059e-01   8.3807508e-01   8.3676161e-01   8.3617830e-01   8.3657028e-01   8.3814025e-01   8.4103254e-01   8.4532182e-01   8.5100709e-01   8.5801108e-01   8.6618501e-01   8.7531798e-01   8.8515000e-01   8.9538746e-01   9.0571980e-01   9.1583593e-01   9.2543954e-01   9.3426226e-01   9.4207435e-01   9.4869249e-01   9.5398479e-01   9.5787318e-01   9.6033326e-01   9.6139188e-01   9.6112249e-01   9.5963828e-01   9.5708343e-01   9.5362296e-01   9.4943239e-01   9.4468858e-01   9.3956307e-01   9.3421810e-01   9.2880508e-01   9.2346499e-01   9.1833048e-01   9.1352939e-01   9.0918760e-01   9.0542839e-01   9.0236590e-01   9.0009312e-01   8.9866812e-01   8.9810304e-01   8.9836017e-01   8.9935687e-01   9.0097871e-01   9.0309851e-01   9.0559745e-01   9.0838430e-01   9.1140913e-01   9.1466910e-01   9.1820551e-01   9.2209275e-01   9.2642101e-01   9.3127530e-01   9.3671385e-01   9.4274865e-01   9.4933107e-01   9.5634479e-01   9.6360726e-01   9.7088003e-01   9.7788655e-01   9.8433492e-01   9.8994223e-01   9.9445700e-01   9.9767657e-01   9.9945800e-01   9.9972181e-01   9.9844940e-01   9.9567576e-01   9.9147934e-01   9.8597078e-01   9.7928190e-01   9.7155604e-01   9.6293998e-01   9.5357787e-01   9.4360679e-01   9.3315392e-01   9.2233487e-01   9.1125293e-01   8.9999902e-01   8.8865206e-01   8.7727952e-01   8.6593827e-01   8.5467528e-01   8.4352850e-01   8.3252754e-01   8.2169443e-01   8.1104427e-01   8.0058584e-01   7.9032221e-01   7.8025140e-01   7.7036700e-01   7.6065889e-01   7.5111397e-01   7.4171695e-01
   9.1314530e-03   1.2145726e-02   1.5638474e-02   1.9618845e-02   2.4095038e-02   2.9074841e-02   3.4565910e-02   4.0575924e-02   4.7112667e-02   5.4184060e-02   6.1798168e-02   6.9963181e-02   7.8687381e-02   8.7979090e-02   9.7846607e-02   1.0829813e-01   1.1934167e-01   1.3098495e-01   1.4323527e-01   1.5609944e-01   1.6958357e-01   1.8369299e-01   1.9843205e-01   2.1380402e-01   2.2981086e-01   2.4645315e-01   2.6372989e-01   2.8163842e-01   3.0017432e-01   3.1933136e-01   3.3910152e-01   3.5947509e-01   3.8044079e-01   4.0198613e-01   4.2409765e-01   4.4676148e-01   4.6996371e-01   4.9369086e-01   5.1792999e-01   5.4266833e-01   5.6789182e-01   5.9358188e-01   6.1970926e-01   6.4622360e-01   6.7303657e-01   6.9999709e-01   7.2685708e-01   7.5322929e-01   7.7854363e-01   8.0201694e-01   8.2266098e-01   8.3935850e-01   8.5102565e-01   8.5684308e-01   8.5648835e-01   8.5027489e-01   8.3913134e-01   8.2442934e-01   8.0773119e-01   7.9054602e-01   7.7415891e-01   7.5955566e-01   7.4742766e-01   7.3822175e-01   7.3220219e-01   7.2950468e-01   7.3017474e-01   7.3419030e-01   7.4147137e-01   7.5188043e-01   7.6521656e-01   7.8120553e-01   7.9948829e-01   8.1960964e-01   8.4101008e-01   8.6302446e-01   8.8489215e-01   9.0578433e-01   9.2485312e-01   9.4130387e-01   9.5448503e-01   9.6398028e-01   9.6967859e-01   9.7179595e-01   9.7083330e-01   9.6747726e-01   9.6247397e-01   9.5651551e-01   9.5016688e-01   9.4383767e-01   9.3778523e-01   9.3213437e-01   9.2690552e-01   9.2204866e-01   9.1747983e-01   9.1311566e-01   9.0890115e-01   9.0482770e-01   9.0094064e-01   8.9733716e-01   8.9415656e-01   8.9156503e-01   8.8973714e-01   8.8883635e-01   8.8899642e-01   8.9030557e-01   8.9279477e-01   8.9643125e-01   9.0111749e-01   9.0669578e-01   9.1295750e-01   9.1965602e-01   9.2652174e-01   9.3327794e-01   9.3965570e-01   9.4540721e-01   9.5031629e-01   9.5420617e-01   9.5694407e-01   9.5844322e-01   9.5866227e-01   9.5760288e-01   9.5530541e-01   9.5184339e-01   9.4731675e-01   9.4184426e-01   9.3555566e-01   9.2858422e-01   9.2106064e-01   9.1310885e-01   9.0484420e-01   8.9637414e-01   8.8780154e-01   8.7923071e-01   8.7077556e-01   8.6256798e-01   8.5476343e-01   8.4754078e-01   8.4109492e-01   8.3562241e-01   8.3130216e-01   8.2827386e-01   8.2661712e-01   8.2633426e-01   8.2734009e-01   8.2946164e-01   8.3244975e-01   8.3600243e-01   8.3979734e-01   8.4352835e-01   8.4694030e-01   8.4985632e-01   8.5219417e-01   8.5397049e-01   8.5529433e-01   8.5635250e-01   8.5738983e-01   8.5868714e-01   8.6053860e-01   8.6322951e-01   8.6701499e-01   8.7209963e-01   8.7861847e-01   8.8662026e-01   8.9605423e-01   9.0676258e-01   9.1848076e-01   9.3084735e-01   9.4342424e-01   9.5572615e-01   9.6725654e-01   9.7754541e-01   9.8618408e-01   9.9285202e-01   9.9733296e-01   9.9951917e-01   9.9940517e-01   9.9707340e-01   9.9267525e-01   9.8641060e-01   9.7850833e-01   9.6920957e-01   9.5875437e-01   9.4737202e-01   9.3527456e-01   9.2265312e-01   9.0967621e-01   8.9648961e-01   8.8321718e-01   8.6996225e-01   8.5680927e-01   8.4382561e-01   8.3106318e-01   8.1856005e-01   8.0634186e-01   7.9442312e-01
   9.2192935e-03   1.2273034e-02   1.5812275e-02   1.9845998e-02   2.4382238e-02   2.9428595e-02   3.4992497e-02   4.1081350e-02   4.7702614e-02   5.4863826e-02   6.2572599e-02   7.0836597e-02   7.9663485e-02   8.9060868e-02   9.9036213e-02   1.0959676e-01   1.2074940e-01   1.3250057e-01   1.4485612e-01   1.5782116e-01   1.7139987e-01   1.8559538e-01   2.0040954e-01   2.1584278e-01   2.3189387e-01   2.4855974e-01   2.6583534e-01   2.8371344e-01   3.0218455e-01   3.2123678e-01   3.4085590e-01   3.6102538e-01   3.8172655e-01   4.0293896e-01   4.2464080e-01   4.4680955e-01   4.6942271e-01   4.9245873e-01   5.1589794e-01   5.3972326e-01   5.6392059e-01   5.8847820e-01   6.1338440e-01   6.3862236e-01   6.6416047e-01   6.8993615e-01   7.1583100e-01   7.4163541e-01   7.6700361e-01   7.9140477e-01   8.1408546e-01   8.3406981e-01   8.5023113e-01   8.6145883e-01   8.6690667e-01   8.6625126e-01   8.5985409e-01   8.4874771e-01   8.3444898e-01   8.1867598e-01   8.0306995e-01   7.8899966e-01   7.7747760e-01   7.6916884e-01   7.6444989e-01   7.6347875e-01   7.6625364e-01   7.7265305e-01   7.8245802e-01   7.9536086e-01   8.1096520e-01   8.2878195e-01   8.4822525e-01   8.6861295e-01   8.8917602e-01   9.0908190e-01   9.2747623e-01   9.4354469e-01   9.5659208e-01   9.6612802e-01   9.7194039e-01   9.7413314e-01   9.7310973e-01   9.6949896e-01   9.6404195e-01   9.5747405e-01   9.5043307e-01   9.4340781e-01   9.3672112e-01   9.3053555e-01   9.2487367e-01   9.1965004e-01   9.1471176e-01   9.0988161e-01   9.0499701e-01   8.9993982e-01   8.9465482e-01   8.8915749e-01   8.8353273e-01   8.7792672e-01   8.7253416e-01   8.6758255e-01   8.6331490e-01   8.5997216e-01   8.5777614e-01   8.5691390e-01   8.5752424e-01   8.5968715e-01   8.6341656e-01   8.6865711e-01   8.7528495e-01   8.8311275e-01   8.9189835e-01   9.0135673e-01   9.1117414e-01   9.2102355e-01   9.3058018e-01   9.3953622e-01   9.4761372e-01   9.5457521e-01   9.6023157e-01   9.6444711e-01   9.6714207e-01   9.6829251e-01   9.6792803e-01   9.6612735e-01   9.6301183e-01   9.5873718e-01   9.5348360e-01   9.4744518e-01   9.4081990e-01   9.3380139e-01   9.2657347e-01   9.1930752e-01   9.1216217e-01   9.0528510e-01   8.9881681e-01   8.9289564e-01   8.8766144e-01   8.8325450e-01   8.7980711e-01   8.7742816e-01   8.7618467e-01   8.7608592e-01   8.7707558e-01   8.7903532e-01   8.8180011e-01   8.8518297e-01   8.8900419e-01   8.9311930e-01   8.9744004e-01   9.0194449e-01   9.0667449e-01   9.1172122e-01   9.1720135e-01   9.2322770e-01   9.2987879e-01   9.3717175e-01   9.4504307e-01   9.5334028e-01   9.6182661e-01   9.7019818e-01   9.7811134e-01   9.8521547e-01   9.9118575e-01   9.9575084e-01   9.9871172e-01   9.9995021e-01   9.9942788e-01   9.9717731e-01   9.9328877e-01   9.8789487e-01   9.8115556e-01   9.7324496e-01   9.6434057e-01   9.5461530e-01   9.4423196e-01   9.3333979e-01   9.2207271e-01   9.1054869e-01   8.9886997e-01   8.8712373e-01   8.7538314e-01   8.6370841e-01   8.5214789e-01   8.4073920e-01   8.2951018e-01   8.1847981e-01   8.0765911e-01   7.9705196e-01   7.8665594e-01   7.7646319e-01   7.6646134e-01   7.5663452e-01   7.4696434e-01   7.3743101e-01
   9.3276665e-03   1.2422662e-02   1.6009740e-02   2.0097761e-02   2.4694559e-02   2.9807468e-02   3.5443601e-02   4.1609989e-02   4.8313647e-02   5.5561600e-02   6.3360866e-02   7.1718417e-02   8.0641132e-02   9.0135714e-02   1.0020861e-01   1.1086590e-01   1.2211318e-01   1.3395546e-01   1.4639696e-01   1.5944103e-01   1.7308991e-01   1.8734462e-01   2.0220476e-01   2.1766829e-01   2.3373144e-01   2.5038847e-01   2.6763157e-01   2.8545074e-01   3.0383375e-01   3.2276609e-01   3.4223114e-01   3.6221029e-01   3.8268328e-01   4.0362866e-01   4.2502445e-01   4.4684888e-01   4.6908139e-01   4.9170364e-01   5.1470065e-01   5.3806160e-01   5.6178028e-01   5.8585445e-01   6.1028343e-01   6.3506277e-01   6.6017450e-01   6.8557084e-01   7.1114942e-01   7.3671830e-01   7.6195137e-01   7.8633939e-01   8.0915023e-01   8.2942270e-01   8.4602600e-01   8.5781055e-01   8.6384392e-01   8.6367290e-01   8.5751141e-01   8.4626768e-01   8.3139473e-01   8.1462462e-01   7.9768088e-01   7.8205344e-01   7.6888015e-01   7.5893080e-01   7.5265611e-01   7.5026004e-01   7.5176672e-01   7.5706986e-01   7.6596298e-01   7.7815377e-01   7.9326741e-01   8.1084332e-01   8.3032988e-01   8.5108130e-01   8.7236120e-01   8.9335823e-01   9.1321842e-01   9.3109815e-01   9.4623718e-01   9.5804468e-01   9.6618234e-01   9.7062137e-01   9.7165069e-01   9.6982448e-01   9.6585894e-01   9.6050787e-01   9.5445331e-01   9.4823524e-01   9.4222338e-01   9.3661968e-01   9.3147943e-01   9.2674389e-01   9.2228031e-01   9.1792472e-01   9.1352137e-01   9.0895388e-01   9.0416554e-01   8.9916866e-01   8.9404422e-01   8.8893420e-01   8.8402857e-01   8.7954887e-01   8.7573007e-01   8.7280197e-01   8.7097133e-01   8.7040565e-01   8.7121973e-01   8.7346559e-01   8.7712655e-01   8.8211580e-01   8.8827965e-01   8.9540512e-01   9.0323136e-01   9.1146382e-01   9.1979019e-01   9.2789659e-01   9.3548303e-01   9.4227699e-01   9.4804438e-01   9.5259758e-01   9.5580032e-01   9.5756967e-01   9.5787531e-01   9.5673648e-01   9.5421676e-01   9.5041708e-01   9.4546692e-01   9.3951449e-01   9.3271632e-01   9.2522799e-01   9.1719682e-01   9.0875779e-01   9.0003259e-01   8.9113149e-01   8.8215823e-01   8.7321809e-01   8.6442852e-01   8.5592974e-01   8.4789103e-01   8.4050893e-01   8.3399634e-01   8.2856398e-01   8.2439784e-01   8.2163611e-01   8.2034905e-01   8.2052475e-01   8.2206364e-01   8.2478412e-01   8.2844006e-01   8.3274879e-01   8.3742568e-01   8.4221988e-01   8.4694507e-01   8.5150055e-01   8.5587990e-01   8.6016690e-01   8.6452040e-01   8.6915088e-01   8.7429197e-01   8.8016972e-01   8.8697227e-01   8.9482234e-01   9.0375467e-01   9.1370097e-01   9.2448439e-01   9.3582525e-01   9.4735835e-01   9.5866074e-01   9.6928650e-01   9.7880415e-01   9.8683137e-01   9.9306229e-01   9.9728448e-01   9.9938463e-01   9.9934396e-01   9.9722599e-01   9.9315958e-01   9.8732046e-01   9.7991336e-01   9.7115659e-01   9.6126956e-01   9.5046366e-01   9.3893595e-01   9.2686547e-01   9.1441137e-01   9.0171253e-01   8.8888806e-01   8.7603835e-01   8.6324651e-01   8.5057981e-01   8.3809121e-01   8.2582073e-01   8.1379677e-01   8.0203727e-01   7.9055081e-01   7.7933769e-01
   9.2468123e-03   1.2319696e-02   1.5882272e-02   1.9943627e-02   2.4511883e-02   2.9594721e-02   3.5199658e-02   4.1334182e-02   4.8005819e-02   5.5222154e-02   6.2990813e-02   7.1319429e-02   8.0215572e-02   8.9686681e-02   9.9739959e-02   1.1038226e-01   1.2161997e-01   1.3345882e-01   1.4590377e-01   1.5895880e-01   1.7262670e-01   1.8690887e-01   2.0180509e-01   2.1731325e-01   2.3342917e-01   2.5014631e-01   2.6745555e-01   2.8534501e-01   3.0379987e-01   3.2280226e-01   3.4233128e-01   3.6236309e-01   3.8287115e-01   4.0382668e-01   4.2519931e-01   4.4695801e-01   4.6907234e-01   4.9151389e-01   5.1425812e-01   5.3728622e-01   5.6058698e-01   5.8415817e-01   6.0800671e-01   6.3214665e-01   6.5659324e-01   6.8135064e-01   7.0639043e-01   7.3161723e-01   7.5681922e-01   7.8160460e-01   8.0533407e-01   8.2707371e-01   8.4560980e-01   8.5957324e-01   8.6769523e-01   8.6914668e-01   8.6383504e-01   8.5251557e-01   8.3665811e-01   8.1813300e-01   7.9884868e-01   7.8046365e-01   7.6423710e-01   7.5101179e-01   7.4127841e-01   7.3526650e-01   7.3302716e-01   7.3449376e-01   7.3952003e-01   7.4790003e-01   7.5937531e-01   7.7363390e-01   7.9030445e-01   8.0894845e-01   8.2905288e-01   8.5002638e-01   8.7120217e-01   8.9185179e-01   9.1121387e-01   9.2854076e-01   9.4316254e-01   9.5456214e-01   9.6244785e-01   9.6680357e-01   9.6789718e-01   9.6623706e-01   9.6248371e-01   9.5734122e-01   9.5145938e-01   9.4536894e-01   9.3945407e-01   9.3395300e-01   9.2897455e-01   9.2452370e-01   9.2053323e-01   9.1689895e-01   9.1351424e-01   9.1029910e-01   9.0722044e-01   9.0430192e-01   9.0162368e-01   8.9931332e-01   8.9753032e-01   8.9644628e-01   8.9622347e-01   8.9699433e-01   8.9884394e-01   9.0179754e-01   9.0581404e-01   9.1078608e-01   9.1654621e-01   9.2287806e-01   9.2953107e-01   9.3623680e-01   9.4272536e-01   9.4874026e-01   9.5405085e-01   9.5846178e-01   9.6181925e-01   9.6401430e-01   9.6498351e-01   9.6470764e-01   9.6320842e-01   9.6054409e-01   9.5680380e-01   9.5210113e-01   9.4656709e-01   9.4034306e-01   9.3357431e-01   9.2640474e-01   9.1897320e-01   9.1141184e-01   9.0384638e-01   8.9639847e-01   8.8919010e-01   8.8234878e-01   8.7601161e-01   8.7032526e-01   8.6543989e-01   8.6149650e-01   8.5860957e-01   8.5684840e-01   8.5622135e-01   8.5666674e-01   8.5805341e-01   8.6019203e-01   8.6285640e-01   8.6581159e-01   8.6884444e-01   8.7179132e-01   8.7455877e-01   8.7713448e-01   8.7958780e-01   8.8206074e-01   8.8475130e-01   8.8789127e-01   8.9172041e-01   8.9645868e-01   9.0227831e-01   9.0927737e-01   9.1745764e-01   9.2670945e-01   9.3680710e-01   9.4741700e-01   9.5811974e-01   9.6844425e-01   9.7790977e-01   9.8606919e-01   9.9254704e-01   9.9706642e-01   9.9946203e-01   9.9967940e-01   9.9776289e-01   9.9383648e-01   9.8808151e-01   9.8071487e-01   9.7196994e-01   9.6208138e-01   9.5127419e-01   9.3975645e-01   9.2771523e-01   9.1531483e-01   9.0269671e-01   8.8998040e-01   8.7726505e-01   8.6463120e-01   8.5214267e-01   8.3984830e-01   8.2778357e-01   8.1597208e-01   8.0442689e-01   7.9315173e-01   7.8214222e-01   7.7138708e-01   7.6086937e-01   7.5056781e-01
   9.1676904e-03   1.2203535e-02   1.5722186e-02   1.9732704e-02   2.4243225e-02   2.9261462e-02   3.4794988e-02   4.0851376e-02   4.7438279e-02   5.4563457e-02   6.2234782e-02   7.0460205e-02   7.9247723e-02   8.8605311e-02   9.8540855e-02   1.0906206e-01   1.2017635e-01   1.3189076e-01   1.4421179e-01   1.5714527e-01   1.7069622e-01   1.8486867e-01   1.9966549e-01   2.1508822e-01   2.3113687e-01   2.4780978e-01   2.6510340e-01   2.8301222e-01   3.0152863e-01   3.2064284e-01   3.4034297e-01   3.6061510e-01   3.8144350e-01   4.0281102e-01   4.2469959e-01   4.4709087e-01   4.6996717e-01   4.9331230e-01   5.1711260e-01   5.4135764e-01   5.6604034e-01   5.9115601e-01   6.1669903e-01   6.4265609e-01   6.6899359e-01   6.9563690e-01   7.2243849e-01   7.4913321e-01   7.7528265e-01   8.0021812e-01   8.2300530e-01   8.4246790e-01   8.5731281e-01   8.6637390e-01   8.6892860e-01   8.6496944e-01   8.5529893e-01   8.4139353e-01   8.2509732e-01   8.0827140e-01   7.9251808e-01   7.7904208e-01   7.6864036e-01   7.6176877e-01   7.5863089e-01   7.5925553e-01   7.6355060e-01   7.7133377e-01   7.8234545e-01   7.9624994e-01   8.1263022e-01   8.3098082e-01   8.5070289e-01   8.7110571e-01   8.9141940e-01   9.1082323e-01   9.2849319e-01   9.4366886e-01   9.5573408e-01   9.6429778e-01   9.6925491e-01   9.7080578e-01   9.6942063e-01   9.6575382e-01   9.6053096e-01   9.5444170e-01   9.4806330e-01   9.4182234e-01   9.3598683e-01   9.3067749e-01   9.2589132e-01   9.2153430e-01   9.1745957e-01   9.1350609e-01   9.0953217e-01   9.0544052e-01   9.0119321e-01   8.9681722e-01   8.9240212e-01   8.8809151e-01   8.8407020e-01   8.8054851e-01   8.7774514e-01   8.7586964e-01   8.7510570e-01   8.7559616e-01   8.7743067e-01   8.8063678e-01   8.8517524e-01   8.9093961e-01   8.9776049e-01   9.0541388e-01   9.1363301e-01   9.2212265e-01   9.3057483e-01   9.3868441e-01   9.4616375e-01   9.5275523e-01   9.5824118e-01   9.6245081e-01   9.6526416e-01   9.6661325e-01   9.6648078e-01   9.6489668e-01   9.6193278e-01   9.5769600e-01   9.5232015e-01   9.4595681e-01   9.3876609e-01   9.3090799e-01   9.2253551e-01   9.1379005e-01   9.0479950e-01   8.9567892e-01   8.8653410e-01   8.7746820e-01   8.6859120e-01   8.6002996e-01   8.5193575e-01   8.4448573e-01   8.3787680e-01   8.3231228e-01   8.2798351e-01   8.2504956e-01   8.2361760e-01   8.2372697e-01   8.2533919e-01   8.2833639e-01   8.3252948e-01   8.3767644e-01   8.4350876e-01   8.4976275e-01   8.5621080e-01   8.6268744e-01   8.6910607e-01   8.7546367e-01   8.8183309e-01   8.8834420e-01   8.9515680e-01   9.0242905e-01   9.1028527e-01   9.1878750e-01   9.2791425e-01   9.3754977e-01   9.4748551e-01   9.5743410e-01   9.6705378e-01   9.7597990e-01   9.8385842e-01   9.9037642e-01   9.9528553e-01   9.9841593e-01   9.9968045e-01   9.9907009e-01   9.9664334e-01   9.9251198e-01   9.8682578e-01   9.7975802e-01   9.7149302e-01   9.6221613e-01   9.5210636e-01   9.4133133e-01   9.3004419e-01   9.1838210e-01   9.0646579e-01   8.9439983e-01   8.8227349e-01   8.7016174e-01   8.5812641e-01   8.4621738e-01   8.3447363e-01   8.2292436e-01   8.1158985e-01   8.0048242e-01   7.8960721e-01   7.7896303e-01
   9.3472103e-03   1.2456851e-02   1.6062126e-02   2.0171997e-02   2.4794470e-02   2.9937087e-02   3.5607191e-02   4.1812053e-02   4.8558932e-02   5.5855091e-02   6.3707773e-02   7.2124151e-02   8.1111261e-02   9.0675911e-02   1.0082457e-01   1.1156325e-01   1.2289733e-01   1.3483145e-01   1.4736924e-01   1.6051322e-01   1.7426447e-01   1.8862250e-01   2.0358490e-01   2.1914714e-01   2.3530229e-01   2.5204073e-01   2.6934990e-01   2.8721410e-01   3.0561423e-01   3.2452770e-01   3.4392837e-01   3.6378657e-01   3.8406934e-01   4.0474077e-01   4.2576256e-01   4.4709491e-01   4.6869758e-01   4.9053129e-01   5.1255939e-01   5.3474976e-01   5.5707676e-01   5.7952305e-01   6.0208093e-01   6.2475239e-01   6.4754723e-01   6.7047774e-01   6.9354836e-01   7.1673827e-01   7.3997489e-01   7.6309733e-01   7.8581129e-01   8.0764242e-01   8.2790358e-01   8.4570080e-01   8.6000705e-01   8.6982171e-01   8.7439905e-01   8.7348151e-01   8.6744632e-01   8.5729803e-01   8.4450717e-01   8.3075677e-01   8.1768001e-01   8.0665838e-01   7.9871487e-01   7.9449664e-01   7.9431464e-01   7.9820443e-01   8.0598358e-01   8.1729515e-01   8.3163637e-01   8.4837649e-01   8.6677006e-01   8.8597190e-01   9.0506046e-01   9.2307494e-01   9.3906984e-01   9.5218680e-01   9.6173780e-01   9.6728691e-01   9.6871162e-01   9.6622441e-01   9.6034254e-01   9.5181010e-01   9.4149312e-01   9.3027606e-01   9.1897949e-01   9.0830219e-01   8.9878017e-01   8.9075845e-01   8.8437963e-01   8.7959544e-01   8.7620195e-01   8.7389100e-01   8.7230728e-01   8.7110108e-01   8.6997071e-01   8.6869179e-01   8.6713351e-01   8.6526315e-01   8.6314081e-01   8.6090660e-01   8.5876216e-01   8.5694858e-01   8.5572248e-01   8.5533210e-01   8.5599500e-01   8.5787889e-01   8.6108693e-01   8.6564829e-01   8.7151466e-01   8.7856255e-01   8.8660104e-01   8.9538401e-01   9.0462553e-01   9.1401702e-01   9.2324475e-01   9.3200630e-01   9.4002493e-01   9.4706133e-01   9.5292220e-01   9.5746580e-01   9.6060463e-01   9.6230543e-01   9.6258697e-01   9.6151570e-01   9.5919953e-01   9.5577980e-01   9.5142188e-01   9.4630513e-01   9.4061332e-01   9.3452685e-01   9.2821736e-01   9.2184478e-01   9.1555617e-01   9.0948620e-01   9.0375898e-01   8.9849078e-01   8.9379143e-01   8.8976154e-01   8.8648396e-01   8.8401075e-01   8.8234986e-01   8.8145671e-01   8.8123447e-01   8.8154431e-01   8.8222425e-01   8.8311287e-01   8.8407347e-01   8.8501455e-01   8.8590329e-01   8.8677075e-01   8.8770899e-01   8.8886110e-01   8.9040626e-01   8.9254125e-01   8.9546019e-01   8.9933369e-01   9.0428847e-01   9.1038897e-01   9.1762232e-01   9.2588865e-01   9.3499850e-01   9.4467884e-01   9.5458815e-01   9.6433955e-01   9.7352974e-01   9.8176999e-01   9.8871487e-01   9.9408533e-01   9.9768315e-01   9.9939628e-01   9.9919554e-01   9.9712476e-01   9.9328676e-01   9.8782770e-01   9.8092178e-01   9.7275770e-01   9.6352753e-01   9.5341832e-01   9.4260628e-01   9.3125300e-01   9.1950354e-01   9.0748572e-01   8.9531031e-01   8.8307181e-01   8.7084953e-01   8.5870885e-01   8.4670247e-01   8.3487162e-01   8.2324719e-01   8.1185079e-01   8.0069567e-01   7.8978762e-01   7.7912581e-01   7.6870361e-01
   9.3758760e-03   1.2493294e-02   1.6107279e-02   2.0226808e-02   2.4859845e-02   3.0013868e-02   3.5696137e-02   4.1913831e-02   4.8674103e-02   5.5984095e-02   6.3850915e-02   7.2281582e-02   8.1282963e-02   9.0861676e-02   1.0102398e-01   1.1177567e-01   1.2312187e-01   1.3506694e-01   1.4761425e-01   1.6076601e-01   1.7452301e-01   1.8888443e-01   2.0384758e-01   2.1940763e-01   2.3555740e-01   2.5228707e-01   2.6958397e-01   2.8743238e-01   3.0581337e-01   3.2470469e-01   3.4408083e-01   3.6391307e-01   3.8416986e-01   4.0481722e-01   4.2581946e-01   4.4714019e-01   4.6874355e-01   4.9059576e-01   5.1266701e-01   5.3493349e-01   5.5737945e-01   5.7999905e-01   6.0279742e-01   6.2579027e-01   6.4900066e-01   6.7245158e-01   6.9615180e-01   7.2007254e-01   7.4411238e-01   7.6804927e-01   7.9148271e-01   8.1377737e-01   8.3403110e-01   8.5110284e-01   8.6373636e-01   8.7079048e-01   8.7153109e-01   8.6588220e-01   8.5452506e-01   8.3879843e-01   8.2044462e-01   8.0129885e-01   7.8301950e-01   7.6692239e-01   7.5393093e-01   7.4461093e-01   7.3924421e-01   7.3790530e-01   7.4052318e-01   7.4692310e-01   7.5685067e-01   7.6998227e-01   7.8592632e-01   8.0421906e-01   8.2431840e-01   8.4559929e-01   8.6735445e-01   8.8880508e-01   9.0912640e-01   9.2749202e-01   9.4313843e-01   9.5544509e-01   9.6401756e-01   9.6875336e-01   9.6986729e-01   9.6786028e-01   9.6343378e-01   9.5737261e-01   9.5043100e-01   9.4325017e-01   9.3631593e-01   9.2994783e-01   9.2430733e-01   9.1941828e-01   9.1519824e-01   9.1149840e-01   9.0814653e-01   9.0498648e-01   9.0190854e-01   8.9886832e-01   8.9589347e-01   8.9307988e-01   8.9057908e-01   8.8857931e-01   8.8728271e-01   8.8688128e-01   8.8753387e-01   8.8934673e-01   8.9235937e-01   8.9653721e-01   9.0177125e-01   9.0788470e-01   9.1464532e-01   9.2178181e-01   9.2900218e-01   9.3601238e-01   9.4253328e-01   9.4831490e-01   9.5314729e-01   9.5686771e-01   9.5936442e-01   9.6057753e-01   9.6049718e-01   9.5915983e-01   9.5664268e-01   9.5305668e-01   9.4853844e-01   9.4324143e-01   9.3732744e-01   9.3095914e-01   9.2429457e-01   9.1748378e-01   9.1066752e-01   9.0397779e-01   8.9754015e-01   8.9147733e-01   8.8591206e-01   8.8096612e-01   8.7675292e-01   8.7336349e-01   8.7084884e-01   8.6920397e-01   8.6835880e-01   8.6817955e-01   8.6848162e-01   8.6905199e-01   8.6967707e-01   8.7017096e-01   8.7039921e-01   8.7029474e-01   8.6986468e-01   8.6918874e-01   8.6841080e-01   8.6772620e-01   8.6736644e-01   8.6758281e-01   8.6862954e-01   8.7074656e-01   8.7414198e-01   8.7897421e-01   8.8533431e-01   8.9322964e-01   9.0257080e-01   9.1316413e-01   9.2471255e-01   9.3682661e-01   9.4904641e-01   9.6087317e-01   9.7180690e-01   9.8138519e-01   9.8921741e-01   9.9500986e-01   9.9857883e-01   9.9985130e-01   9.9885520e-01   9.9570223e-01   9.9056699e-01   9.8366569e-01   9.7523667e-01   9.6552438e-01   9.5476710e-01   9.4318846e-01   9.3099216e-01   9.1835926e-01   9.0544740e-01   8.9239122e-01   8.7930366e-01   8.6627766e-01   8.5338796e-01   8.4069295e-01   8.2823643e-01   8.1604915e-01   8.0415023e-01   7.9254847e-01   7.8124351e-01   7.7022701e-01
   9.3075164e-03   1.2406547e-02   1.5999685e-02   2.0095769e-02   2.4702666e-02   2.9827766e-02   3.5478244e-02   4.1661192e-02   4.8383689e-02   5.5652806e-02   6.3475598e-02   7.1859056e-02   8.0810048e-02   9.0335233e-02   1.0044097e-01   1.1113321e-01   1.2241734e-01   1.3429808e-01   1.4677931e-01   1.5986388e-01   1.7355348e-01   1.8784840e-01   2.0274738e-01   2.1824739e-01   2.3434348e-01   2.5102857e-01   2.6829339e-01   2.8612632e-01   3.0451341e-01   3.2343846e-01   3.4288316e-01   3.6282745e-01   3.8325007e-01   4.0412924e-01   4.2544372e-01   4.4717406e-01   4.6930426e-01   4.9182361e-01   5.1472878e-01   5.3802597e-01   5.6173256e-01   5.8587786e-01   6.1050160e-01   6.3564842e-01   6.6135559e-01   6.8763001e-01   7.1440952e-01   7.4150373e-01   7.6851349e-01   7.9473817e-01   8.1910150e-01   8.4015480e-01   8.5623302e-01   8.6580427e-01   8.6794212e-01   8.6271738e-01   8.5128836e-01   8.3562946e-01   8.1804255e-01   8.0067767e-01   7.8522864e-01   7.7284385e-01   7.6419074e-01   7.5958120e-01   7.5909139e-01   7.6264758e-01   7.7007515e-01   7.8111821e-01   7.9543923e-01   8.1260696e-01   8.3207928e-01   8.5318745e-01   8.7512825e-01   8.9697147e-01   9.1769041e-01   9.3622141e-01   9.5155373e-01   9.6284192e-01   9.6952121e-01   9.7139660e-01   9.6867518e-01   9.6192604e-01   9.5197904e-01   9.3979939e-01   9.2637806e-01   9.1265509e-01   8.9946490e-01   8.8748756e-01   8.7720527e-01   8.6887771e-01   8.6254682e-01   8.5806981e-01   8.5516989e-01   8.5349225e-01   8.5265630e-01   8.5229908e-01   8.5210819e-01   8.5184441e-01   8.5135486e-01   8.5057778e-01   8.4953988e-01   8.4834732e-01   8.4717117e-01   8.4622863e-01   8.4576125e-01   8.4601173e-01   8.4720126e-01   8.4950884e-01   8.5305466e-01   8.5788848e-01   8.6398422e-01   8.7124063e-01   8.7948797e-01   8.8849946e-01   8.9800636e-01   9.0771492e-01   9.1732374e-01   9.2654015e-01   9.3509450e-01   9.4275175e-01   9.4932008e-01   9.5465644e-01   9.5866940e-01   9.6131946e-01   9.6261727e-01   9.6261984e-01   9.6142490e-01   9.5916363e-01   9.5599201e-01   9.5208155e-01   9.4761059e-01   9.4275711e-01   9.3769368e-01   9.3258443e-01   9.2758336e-01   9.2283385e-01   9.1846903e-01   9.1461209e-01   9.1137428e-01   9.0884869e-01   9.0709946e-01   9.0614963e-01   9.0597261e-01   9.0649209e-01   9.0759256e-01   9.0913909e-01   9.1100208e-01   9.1308144e-01   9.1532493e-01   9.1773704e-01   9.2037700e-01   9.2334701e-01   9.2677272e-01   9.3077919e-01   9.3546561e-01   9.4088198e-01   9.4701069e-01   9.5375565e-01   9.6094072e-01   9.6831830e-01   9.7558743e-01   9.8241888e-01   9.8848378e-01   9.9348145e-01   9.9716240e-01   9.9934391e-01   9.9991690e-01   9.9884472e-01   9.9615545e-01   9.9193025e-01   9.8628973e-01   9.7938062e-01   9.7136371e-01   9.6240403e-01   9.5266331e-01   9.4229467e-01   9.3143925e-01   9.2022432e-01   9.0876255e-01   8.9715204e-01   8.8547687e-01   8.7380795e-01   8.6220395e-01   8.5071235e-01   8.3937038e-01   8.2820591e-01   8.1723836e-01   8.0647943e-01   7.9593391e-01   7.8560037e-01   7.7547203e-01   7.6553754e-01   7.5578186e-01   7.4618731e-01   7.3673448e-01   7.2740330e-01
   9.2243810e-03   1.2280585e-02   1.5822715e-02   1.9859790e-02   2.4399851e-02   2.9450497e-02   3.5019158e-02   4.1113248e-02   4.7740229e-02   5.4907649e-02   6.2623127e-02   7.0894335e-02   7.9728945e-02   8.9134566e-02   9.9118671e-02   1.0968850e-01   1.2085095e-01   1.3261246e-01   1.4497888e-01   1.5795532e-01   1.7154598e-01   1.8575401e-01   2.0058132e-01   2.1602838e-01   2.3209409e-01   2.4877558e-01   2.6606808e-01   2.8396481e-01   3.0245687e-01   3.2153330e-01   3.4118114e-01   3.6138563e-01   3.8213055e-01   4.0339878e-01   4.2517298e-01   4.4743654e-01   4.7017476e-01   4.9337614e-01   5.1703375e-01   5.4114642e-01   5.6571925e-01   5.9076284e-01   6.1628979e-01   6.4230698e-01   6.6880063e-01   6.9571096e-01   7.2289255e-01   7.5005824e-01   7.7670888e-01   8.0206309e-01   8.2501869e-01   8.4419666e-01   8.5811883e-01   8.6552629e-01   8.6575428e-01   8.5899974e-01   8.4633858e-01   8.2948036e-01   8.1038115e-01   7.9087520e-01   7.7243816e-01   7.5611008e-01   7.4253685e-01   7.3206484e-01   7.2483852e-01   7.2087696e-01   7.2012453e-01   7.2247970e-01   7.2780843e-01   7.3594753e-01   7.4670225e-01   7.5984045e-01   7.7508553e-01   7.9210913e-01   8.1052490e-01   8.2988494e-01   8.4968041e-01   8.6934881e-01   8.8829043e-01   9.0589598e-01   9.2158640e-01   9.3486292e-01   9.4536126e-01   9.5289981e-01   9.5750875e-01   9.5942836e-01   9.5907194e-01   9.5695913e-01   9.5363559e-01   9.4959960e-01   9.4525159e-01   9.4087274e-01   9.3662881e-01   9.3258993e-01   9.2875773e-01   9.2509412e-01   9.2154859e-01   9.1808204e-01   9.1468513e-01   9.1138982e-01   9.0827313e-01   9.0545324e-01   9.0307880e-01   9.0131315e-01   9.0031539e-01   9.0022097e-01   9.0112400e-01   9.0306363e-01   9.0601607e-01   9.0989309e-01   9.1454687e-01   9.1978040e-01   9.2536166e-01   9.3103993e-01   9.3656212e-01   9.4168773e-01   9.4620122e-01   9.4992129e-01   9.5270687e-01   9.5446011e-01   9.5512682e-01   9.5469481e-01   9.5319054e-01   9.5067458e-01   9.4723594e-01   9.4298572e-01   9.3805043e-01   9.3256549e-01   9.2666968e-01   9.2050092e-01   9.1419385e-01   9.0787883e-01   9.0168254e-01   8.9572963e-01   8.9014487e-01   8.8505412e-01   8.8058158e-01   8.7684120e-01   8.7392218e-01   8.7187094e-01   8.7067449e-01   8.7025019e-01   8.7044633e-01   8.7105485e-01   8.7183500e-01   8.7254363e-01   8.7296648e-01   8.7294488e-01   8.7239374e-01   8.7130948e-01   8.6976840e-01   8.6791802e-01   8.6596412e-01   8.6415582e-01   8.6277024e-01   8.6209744e-01   8.6242526e-01   8.6402350e-01   8.6712671e-01   8.7191502e-01   8.7849355e-01   8.8687132e-01   8.9694270e-01   9.0847475e-01   9.2110507e-01   9.3435380e-01   9.4765169e-01   9.6038292e-01   9.7193735e-01   9.8176434e-01   9.8941891e-01   9.9459293e-01   9.9712751e-01   9.9700706e-01   9.9433899e-01   9.8932497e-01   9.8222952e-01   9.7335070e-01   9.6299566e-01   9.5146235e-01   9.3902719e-01   9.2593790e-01   9.1241035e-01   8.9862818e-01   8.8474428e-01   8.7088328e-01   8.5714439e-01   8.4360448e-01   8.3032084e-01   8.1733379e-01   8.0466893e-01   7.9233918e-01   7.8034660e-01   7.6868399e-01   7.5733656e-01   7.4628345e-01
   9.1864826e-03   1.2226546e-02   1.5749879e-02   1.9765609e-02   2.4281902e-02   2.9306495e-02   3.4846978e-02   4.0910943e-02   4.7506057e-02   5.4640091e-02   6.2320921e-02   7.0556498e-02   7.9354806e-02   8.8723801e-02   9.8671334e-02   1.0920506e-01   1.2033235e-01   1.3206014e-01   1.4439482e-01   1.5734212e-01   1.7090689e-01   1.8509300e-01   1.9990313e-01   2.1533864e-01   2.3139933e-01   2.4808337e-01   2.6538710e-01   2.8330495e-01   3.0182941e-01   3.2095100e-01   3.4065844e-01   3.6093884e-01   3.8177812e-01   4.0316155e-01   4.2507453e-01   4.4750360e-01   4.7043760e-01   4.9386908e-01   5.1779557e-01   5.4222067e-01   5.6715429e-01   5.9261120e-01   6.1860644e-01   6.4514550e-01   6.7220609e-01   6.9970746e-01   7.2746313e-01   7.5511467e-01   7.8205083e-01   8.0733075e-01   8.2965277e-01   8.4743133e-01   8.5903853e-01   8.6320126e-01   8.5942788e-01   8.4825963e-01   8.3120207e-01   8.1036509e-01   7.8798185e-01   7.6600159e-01   7.4587416e-01   7.2852823e-01   7.1446754e-01   7.0390140e-01   6.9685892e-01   6.9326973e-01   6.9301297e-01   6.9594287e-01   7.0189904e-01   7.1070774e-01   7.2217807e-01   7.3609561e-01   7.5221475e-01   7.7025047e-01   7.8987040e-01   8.1068775e-01   8.3225665e-01   8.5407177e-01   8.7557517e-01   8.9617386e-01   9.1527085e-01   9.3231080e-01   9.4683657e-01   9.5854690e-01   9.6733974e-01   9.7332494e-01   9.7679639e-01   9.7816748e-01   9.7788843e-01   9.7637072e-01   9.7393927e-01   9.7081968e-01   9.6715334e-01   9.6302655e-01   9.5850080e-01   9.5363716e-01   9.4851314e-01   9.4323257e-01   9.3792953e-01   9.3276695e-01   9.2793040e-01   9.2361770e-01   9.2002561e-01   9.1733462e-01   9.1569367e-01   9.1520627e-01   9.1591945e-01   9.1781699e-01   9.2081755e-01   9.2477800e-01   9.2950159e-01   9.3475015e-01   9.4025886e-01   9.4575213e-01   9.5095923e-01   9.5562811e-01   9.5953689e-01   9.6250214e-01   9.6438415e-01   9.6508924e-01   9.6456948e-01   9.6282041e-01   9.5987707e-01   9.5580869e-01   9.5071247e-01   9.4470656e-01   9.3792269e-01   9.3049892e-01   9.2257331e-01   9.1427883e-01   9.0574027e-01   8.9707312e-01   8.8838465e-01   8.7977746e-01   8.7135540e-01   8.6323092e-01   8.5553165e-01   8.4840321e-01   8.4200587e-01   8.3650405e-01   8.3205003e-01   8.2876420e-01   8.2671554e-01   8.2590559e-01   8.2625918e-01   8.2762450e-01   8.2978356e-01   8.3247278e-01   8.3541095e-01   8.3833056e-01   8.4100755e-01   8.4328528e-01   8.4508966e-01   8.4643464e-01   8.4741878e-01   8.4821471e-01   8.4905375e-01   8.5020766e-01   8.5196864e-01   8.5462857e-01   8.5845732e-01   8.6368064e-01   8.7045769e-01   8.7885947e-01   8.8885018e-01   9.0027407e-01   9.1285147e-01   9.2618671e-01   9.3978977e-01   9.5311082e-01   9.6558411e-01   9.7667524e-01   9.8592450e-01   9.9298004e-01   9.9761638e-01   9.9973751e-01   9.9936640e-01   9.9662502e-01   9.9170928e-01   9.8486347e-01   9.7635690e-01   9.6646483e-01   9.5545416e-01   9.4357367e-01   9.3104825e-01   9.1807612e-01   9.0482825e-01   8.9144926e-01   8.7805913e-01   8.6475536e-01   8.5161518e-01   8.3869781e-01   8.2604642e-01   8.1369001e-01   8.0164501e-01   7.8991677e-01
   9.2680985e-03   1.2340615e-02   1.5902323e-02   1.9962484e-02   2.4529419e-02   2.9611022e-02   3.5215039e-02   4.1349210e-02   4.8021332e-02   5.5239279e-02   6.3010989e-02   7.1344421e-02   8.0247493e-02   8.9728001e-02   9.9793517e-02   1.1045127e-01   1.2170800e-01   1.3356981e-01   1.4604197e-01   1.5912873e-01   1.7283309e-01   1.8715656e-01   2.0209888e-01   2.1765777e-01   2.3382859e-01   2.5060408e-01   2.6797402e-01   2.8592493e-01   3.0443982e-01   3.2349791e-01   3.4307449e-01   3.6314078e-01   3.8366398e-01   4.0460743e-01   4.2593093e-01   4.4759137e-01   4.6954350e-01   4.9174106e-01   5.1413813e-01   5.3669072e-01   5.5935852e-01   5.8210650e-01   6.0490615e-01   6.2773584e-01   6.5057938e-01   6.7342200e-01   6.9624223e-01   7.1899827e-01   7.4160747e-01   7.6391848e-01   7.8567737e-01   8.0649320e-01   8.2581357e-01   8.4292702e-01   8.5701186e-01   8.6724460e-01   8.7296184e-01   8.7383993e-01   8.7003401e-01   8.6222281e-01   8.5153942e-01   8.3941177e-01   8.2736150e-01   8.1681264e-01   8.0894917e-01   8.0463810e-01   8.0441116e-01   8.0848322e-01   8.1678476e-01   8.2899327e-01   8.4455755e-01   8.6271636e-01   8.8251743e-01   9.0284579e-01   9.2247119e-01   9.4012326e-01   9.5459752e-01   9.6488576e-01   9.7031037e-01   9.7062947e-01   9.6607693e-01   9.5731661e-01   9.4532317e-01   9.3123261e-01   9.1620928e-01   9.0134682e-01   8.8759014e-01   8.7566502e-01   8.6602393e-01   8.5882766e-01   8.5397191e-01   8.5114970e-01   8.4993072e-01   8.4983981e-01   8.5042310e-01   8.5129674e-01   8.5217762e-01   8.5289754e-01   8.5340360e-01   8.5374739e-01   8.5406574e-01   8.5455587e-01   8.5544742e-01   8.5697401e-01   8.5934668e-01   8.6273132e-01   8.6723163e-01   8.7287871e-01   8.7962746e-01   8.8735970e-01   8.9589285e-01   9.0499308e-01   9.1439110e-01   9.2379929e-01   9.3292834e-01   9.4150260e-01   9.4927299e-01   9.5602717e-01   9.6159685e-01   9.6586215e-01   9.6875360e-01   9.7025168e-01   9.7038460e-01   9.6922423e-01   9.6688044e-01   9.6349407e-01   9.5922881e-01   9.5426248e-01   9.4877873e-01   9.4295958e-01   9.3697961e-01   9.3100179e-01   9.2517490e-01   9.1963250e-01   9.1449299e-01   9.0985966e-01   9.0581922e-01   9.0243726e-01   8.9975067e-01   8.9775926e-01   8.9641984e-01   8.9564617e-01   8.9531646e-01   8.9528784e-01   8.9541544e-01   8.9557260e-01   8.9566848e-01   8.9566074e-01   8.9556160e-01   8.9543748e-01   8.9540291e-01   8.9561020e-01   8.9623615e-01   8.9746705e-01   8.9948276e-01   9.0244057e-01   9.0645953e-01   9.1160591e-01   9.1788086e-01   9.2521167e-01   9.3344797e-01   9.4236425e-01   9.5166945e-01   9.6102348e-01   9.7005949e-01   9.7840934e-01   9.8572935e-01   9.9172307e-01   9.9615835e-01   9.9887716e-01   9.9979787e-01   9.9891085e-01   9.9626901e-01   9.9197538e-01   9.8616957e-01   9.7901477e-01   9.7068615e-01   9.6136149e-01   9.5121390e-01   9.4040675e-01   9.2909042e-01   9.1740045e-01   9.0545686e-01   8.9336420e-01   8.8121216e-01   8.6907643e-01   8.5701974e-01   8.4509290e-01   8.3333584e-01   8.2177861e-01   8.1044223e-01   7.9933956e-01   7.8847607e-01   7.7785066e-01   7.6745637e-01   7.5728131e-01
   9.0775028e-03   1.2068230e-02   1.5533590e-02   1.9482911e-02   2.3924612e-02   2.8866730e-02   3.4317213e-02   4.0284073e-02   4.6775469e-02   5.3799752e-02   6.1365465e-02   6.9481338e-02   7.8156251e-02   8.7399191e-02   9.7219189e-02   1.0762525e-01   1.1862627e-01   1.3023091e-01   1.4244754e-01   1.5528407e-01   1.6874782e-01   1.8284540e-01   1.9758254e-01   2.1296395e-01   2.2899317e-01   2.4567241e-01   2.6300244e-01   2.8098252e-01   2.9961031e-01   3.1888194e-01   3.3879211e-01   3.5933434e-01   3.8050136e-01   4.0228571e-01   4.2468051e-01   4.4768057e-01   4.7128360e-01   4.9549165e-01   5.2031243e-01   5.4576026e-01   5.7185581e-01   5.9862334e-01   6.2608349e-01   6.5423800e-01   6.8304191e-01   7.1235680e-01   7.4187968e-01   7.7104714e-01   7.9892975e-01   8.2416202e-01   8.4498955e-01   8.5952570e-01   8.6623492e-01   8.6448862e-01   8.5489913e-01   8.3921243e-01   8.1981238e-01   7.9910587e-01   7.7906438e-01   7.6104318e-01   7.4582946e-01   7.3379579e-01   7.2505888e-01   7.1959849e-01   7.1733066e-01   7.1814520e-01   7.2192009e-01   7.2852239e-01   7.3780223e-01   7.4958350e-01   7.6365341e-01   7.7975211e-01   7.9756322e-01   8.1670615e-01   8.3673165e-01   8.5712248e-01   8.7730170e-01   8.9665152e-01   9.1454498e-01   9.3039130e-01   9.4369168e-01   9.5409794e-01   9.6146097e-01   9.6585441e-01   9.6756192e-01   9.6702658e-01   9.6477356e-01   9.6132686e-01   9.5714178e-01   9.5256642e-01   9.4783273e-01   9.4306845e-01   9.3831951e-01   9.3357567e-01   9.2879596e-01   9.2393252e-01   9.1895153e-01   9.1384962e-01   9.0866480e-01   9.0348117e-01   8.9842755e-01   8.9367077e-01   8.8940438e-01   8.8583411e-01   8.8316121e-01   8.8156524e-01   8.8118772e-01   8.8211815e-01   8.8438377e-01   8.8794405e-01   8.9269052e-01   8.9845190e-01   9.0500406e-01   9.1208359e-01   9.1940379e-01   9.2667122e-01   9.3360170e-01   9.3993433e-01   9.4544276e-01   9.4994344e-01   9.5330066e-01   9.5542870e-01   9.5629139e-01   9.5589950e-01   9.5430623e-01   9.5160108e-01   9.4790222e-01   9.4334793e-01   9.3808769e-01   9.3227403e-01   9.2605624e-01   9.1957657e-01   9.1296885e-01   9.0635924e-01   8.9986894e-01   8.9361883e-01   8.8773517e-01   8.8235362e-01   8.7761812e-01   8.7367221e-01   8.7064327e-01   8.6862321e-01   8.6765050e-01   8.6769845e-01   8.6867287e-01   8.7042062e-01   8.7274835e-01   8.7544867e-01   8.7832940e-01   8.8124105e-01   8.8409786e-01   8.8688957e-01   8.8968259e-01   8.9261120e-01   8.9586030e-01   8.9964169e-01   9.0416605e-01   9.0961282e-01   9.1610041e-01   9.2365963e-01   9.3221405e-01   9.4157098e-01   9.5142614e-01   9.6138361e-01   9.7098940e-01   9.7977428e-01   9.8729881e-01   9.9319315e-01   9.9718537e-01   9.9911507e-01   9.9893244e-01   9.9668568e-01   9.9250102e-01   9.8656000e-01   9.7907742e-01   9.7028236e-01   9.6040341e-01   9.4965814e-01   9.3824646e-01   9.2634694e-01   9.1411554e-01   9.0168579e-01   8.8916996e-01   8.7666073e-01   8.6423311e-01   8.5194626e-01   8.3984533e-01   8.2796307e-01   8.1632126e-01   8.0493202e-01   7.9379906e-01   7.8291878e-01   7.7228142e-01   7.6187220e-01   7.5167253e-01   7.4166117e-01
   9.2922136e-03   1.2381351e-02   1.5962832e-02   2.0045722e-02   2.4638112e-02   2.9747647e-02   3.5381792e-02   4.1547977e-02   4.8253655e-02   5.5506321e-02   6.3313496e-02   7.1682686e-02   8.0621316e-02   9.0136652e-02   1.0023570e-01   1.1092508e-01   1.2221090e-01   1.3409860e-01   1.4659278e-01   1.5969701e-01   1.7341360e-01   1.8774341e-01   2.0268559e-01   2.1823734e-01   2.3439362e-01   2.5114694e-01   2.6848706e-01   2.8640080e-01   3.0487180e-01   3.2388042e-01   3.4340364e-01   3.6341508e-01   3.8388521e-01   4.0478159e-01   4.2606950e-01   4.4771258e-01   4.6967391e-01   4.9191720e-01   5.1440831e-01   5.3711686e-01   5.6001784e-01   5.8309287e-01   6.0633078e-01   6.2972658e-01   6.5327796e-01   6.7697778e-01   7.0080078e-01   7.2468258e-01   7.4848935e-01   7.7197832e-01   7.9475306e-01   8.1622386e-01   8.3559260e-01   8.5188854e-01   8.6407911e-01   8.7125880e-01   8.7287862e-01   8.6894021e-01   8.6007407e-01   8.4746658e-01   8.3266447e-01   8.1732579e-01   8.0299021e-01   7.9092090e-01   7.8203593e-01   7.7691321e-01   7.7583632e-01   7.7885119e-01   7.8581531e-01   7.9643271e-01   8.1027512e-01   8.2679299e-01   8.4532151e-01   8.6508733e-01   8.8522190e-01   9.0478742e-01   9.2282064e-01   9.3839723e-01   9.5071465e-01   9.5918398e-01   9.6351281e-01   9.6375593e-01   9.6031294e-01   9.5386608e-01   9.4527188e-01   9.3543776e-01   9.2521493e-01   9.1532376e-01   9.0630916e-01   8.9851749e-01   8.9209221e-01   8.8699086e-01   8.8302339e-01   8.7990546e-01   8.7731601e-01   8.7494948e-01   8.7255609e-01   8.6996807e-01   8.6711212e-01   8.6401004e-01   8.6076988e-01   8.5757005e-01   8.5463862e-01   8.5222998e-01   8.5060065e-01   8.4998611e-01   8.5058022e-01   8.5251861e-01   8.5586713e-01   8.6061586e-01   8.6667907e-01   8.7390063e-01   8.8206418e-01   8.9090698e-01   9.0013589e-01   9.0944435e-01   9.1852884e-01   9.2710377e-01   9.3491412e-01   9.4174532e-01   9.4743025e-01   9.5185341e-01   9.5495261e-01   9.5671823e-01   9.5719038e-01   9.5645388e-01   9.5463126e-01   9.5187384e-01   9.4835157e-01   9.4424277e-01   9.3972494e-01   9.3496792e-01   9.3012918e-01   9.2535082e-01   9.2075762e-01   9.1645616e-01   9.1253471e-01   9.0906294e-01   9.0608925e-01   9.0363534e-01   9.0168962e-01   9.0020352e-01   8.9909415e-01   8.9825477e-01   8.9757127e-01   8.9694138e-01   8.9629260e-01   8.9559581e-01   8.9487286e-01   8.9419760e-01   8.9369123e-01   8.9351294e-01   8.9384713e-01   8.9488844e-01   8.9682521e-01   8.9982211e-01   9.0400260e-01   9.0943203e-01   9.1610291e-01   9.2392391e-01   9.3271490e-01   9.4220976e-01   9.5206819e-01   9.6189650e-01   9.7127551e-01   9.7979223e-01   9.8707111e-01   9.9280043e-01   9.9675062e-01   9.9878272e-01   9.9884726e-01   9.9697531e-01   9.9326417e-01   9.8786073e-01   9.8094457e-01   9.7271280e-01   9.6336754e-01   9.5310629e-01   9.4211524e-01   9.3056500e-01   9.1860836e-01   9.0637949e-01   8.9399419e-01   8.8155077e-01   8.6913130e-01   8.5680300e-01   8.4461968e-01   8.3262310e-01   8.2084420e-01   8.0930428e-01   7.9801600e-01   7.8698436e-01   7.7620760e-01   7.6567812e-01   7.5538337e-01   7.4530682e-01
   9.2513458e-03   1.2318546e-02   1.5873586e-02   1.9925448e-02   2.4482133e-02   2.9551189e-02   3.5139992e-02   4.1255884e-02   4.7906253e-02   5.5098555e-02   6.2840308e-02   7.1139064e-02   8.0002361e-02   8.9437657e-02   9.9452252e-02   1.1005319e-01   1.2124715e-01   1.3304034e-01   1.4543831e-01   1.5844586e-01   1.7206686e-01   1.8630403e-01   2.0115884e-01   2.1663125e-01   2.3271952e-01   2.4942009e-01   2.6672734e-01   2.8463344e-01   3.0312829e-01   3.2219937e-01   3.4183180e-01   3.6200841e-01   3.8270991e-01   4.0391524e-01   4.2560205e-01   4.4774729e-01   4.7032802e-01   4.9332230e-01   5.1671006e-01   5.4047388e-01   5.6459924e-01   5.8907385e-01   6.1388526e-01   6.3901558e-01   6.6443191e-01   6.9007044e-01   7.1581224e-01   7.4144942e-01   7.6664263e-01   7.9087571e-01   8.1342178e-01   8.3334480e-01   8.4956660e-01   8.6101948e-01   8.6687153e-01   8.6676236e-01   8.6095646e-01   8.5034346e-01   8.3628433e-01   8.2036691e-01   8.0415633e-01   7.8900786e-01   7.7597270e-01   7.6578781e-01   7.5891731e-01   7.5561152e-01   7.5596106e-01   7.5993626e-01   7.6741069e-01   7.7817131e-01   7.9191900e-01   8.0826328e-01   8.2671476e-01   8.4667896e-01   8.6745595e-01   8.8825063e-01   9.0819897e-01   9.2641508e-01   9.4206046e-01   9.5443144e-01   9.6305164e-01   9.6774791e-01   9.6868454e-01   9.6633778e-01   9.6141117e-01   9.5471533e-01   9.4704848e-01   9.3910754e-01   9.3143833e-01   9.2441670e-01   9.1824897e-01   9.1298733e-01   9.0855985e-01   9.0481213e-01   9.0155384e-01   8.9860186e-01   8.9581415e-01   8.9311121e-01   8.9048535e-01   8.8799903e-01   8.8577457e-01   8.8397767e-01   8.8279698e-01   8.8242202e-01   8.8302162e-01   8.8472456e-01   8.8760441e-01   8.9166936e-01   8.9685819e-01   9.0304209e-01   9.1003214e-01   9.1759119e-01   9.2544893e-01   9.3331837e-01   9.4091231e-01   9.4795850e-01   9.5421237e-01   9.5946690e-01   9.6355936e-01   9.6637507e-01   9.6784844e-01   9.6796172e-01   9.6674195e-01   9.6425616e-01   9.6060544e-01   9.5591781e-01   9.5034052e-01   9.4403209e-01   9.3715512e-01   9.2987039e-01   9.2233285e-01   9.1468979e-01   9.0708115e-01   8.9964210e-01   8.9250753e-01   8.8581715e-01   8.7971871e-01   8.7436627e-01   8.6991153e-01   8.6648831e-01   8.6419290e-01   8.6306466e-01   8.6307194e-01   8.6410749e-01   8.6599588e-01   8.6851293e-01   8.7141456e-01   8.7446993e-01   8.7749302e-01   8.8036699e-01   8.8305776e-01   8.8561565e-01   8.8816594e-01   8.9089096e-01   8.9400630e-01   8.9773421e-01   9.0227615e-01   9.0778667e-01   9.1435044e-01   9.2196441e-01   9.3052716e-01   9.3983752e-01   9.4960363e-01   9.5946246e-01   9.6900815e-01   9.7782554e-01   9.8552452e-01   9.9177022e-01   9.9630523e-01   9.9896165e-01   9.9966281e-01   9.9841625e-01   9.9530047e-01   9.9044849e-01   9.8403078e-01   9.7623945e-01   9.6727495e-01   9.5733571e-01   9.4661068e-01   9.3527446e-01   9.2348455e-01   9.1138020e-01   8.9908230e-01   8.8669413e-01   8.7430242e-01   8.6197867e-01   8.4978052e-01   8.3775309e-01   8.2593020e-01   8.1433552e-01   8.0298362e-01   7.9188094e-01   7.8102672e-01   7.7041396e-01   7.6003037e-01   7.4985944e-01
   9.2485198e-03   1.2317249e-02   1.5874383e-02   1.9928968e-02   2.4489076e-02   2.9562335e-02   3.5156201e-02   4.1278112e-02   4.7935548e-02   5.5136058e-02   6.2887254e-02   7.1196775e-02   8.0072234e-02   8.9521149e-02   9.9550857e-02   1.1016841e-01   1.2138046e-01   1.3319313e-01   1.4561184e-01   1.5864120e-01   1.7228475e-01   1.8654485e-01   2.0142244e-01   2.1691685e-01   2.3302557e-01   2.4974407e-01   2.6706564e-01   2.8498117e-01   3.0347911e-01   3.2254535e-01   3.4216334e-01   3.6231417e-01   3.8297693e-01   4.0412913e-01   4.2574744e-01   4.4780862e-01   4.7029067e-01   4.9317425e-01   5.1644429e-01   5.4009149e-01   5.6411357e-01   5.8851558e-01   6.1330839e-01   6.3850384e-01   6.6410450e-01   6.9008488e-01   7.1636077e-01   7.4274315e-01   7.6887639e-01   7.9416723e-01   8.1772542e-01   8.3835549e-01   8.5465242e-01   8.6523776e-01   8.6910811e-01   8.6597556e-01   8.5643643e-01   8.4187535e-01   8.2415176e-01   8.0521110e-01   7.8676467e-01   7.7011757e-01   7.5614333e-01   7.4535078e-01   7.3798193e-01   7.3410131e-01   7.3366147e-01   7.3654387e-01   7.4258062e-01   7.5156292e-01   7.6324123e-01   7.7732084e-01   7.9345524e-01   8.1123940e-01   8.3020491e-01   8.4981897e-01   8.6948988e-01   8.8858164e-01   9.0644041e-01   9.2243401e-01   9.3600342e-01   9.4672080e-01   9.5434405e-01   9.5885433e-01   9.6046318e-01   9.5958186e-01   9.5675676e-01   9.5258575e-01   9.4763708e-01   9.4238900e-01   9.3719840e-01   9.3229570e-01   9.2779719e-01   9.2372712e-01   9.2004436e-01   9.1667111e-01   9.1352117e-01   9.1052488e-01   9.0764820e-01   9.0490406e-01   9.0235542e-01   9.0011048e-01   8.9831117e-01   8.9711673e-01   8.9668439e-01   8.9714964e-01   8.9860820e-01   9.0110188e-01   9.0460996e-01   9.0904683e-01   9.1426603e-01   9.2006981e-01   9.2622290e-01   9.3246856e-01   9.3854515e-01   9.4420149e-01   9.4920989e-01   9.5337619e-01   9.5654635e-01   9.5861001e-01   9.5950129e-01   9.5919723e-01   9.5771450e-01   9.5510472e-01   9.5144858e-01   9.4684924e-01   9.4142521e-01   9.3530342e-01   9.2861290e-01   9.2147995e-01   9.1402514e-01   9.0636229e-01   8.9859975e-01   8.9084397e-01   8.8320539e-01   8.7580559e-01   8.6878344e-01   8.6229745e-01   8.5652168e-01   8.5163493e-01   8.4780410e-01   8.4516456e-01   8.4380073e-01   8.4373014e-01   8.4489440e-01   8.4715941e-01   8.5032660e-01   8.5415464e-01   8.5838903e-01   8.6279513e-01   8.6718904e-01   8.7146128e-01   8.7558998e-01   8.7964173e-01   8.8376103e-01   8.8814971e-01   8.9303907e-01   8.9865706e-01   9.0519347e-01   9.1276611e-01   9.2139162e-01   9.3096523e-01   9.4125382e-01   9.5190538e-01   9.6247584e-01   9.7247047e-01   9.8139360e-01   9.8879813e-01   9.9432633e-01   9.9773576e-01   9.9890792e-01   9.9784132e-01   9.9463307e-01   9.8945442e-01   9.8252511e-01   9.7409000e-01   9.6440005e-01   9.5369828e-01   9.4221049e-01   9.3013980e-01   9.1766435e-01   9.0493698e-01   8.9208628e-01   8.7921839e-01   8.6641913e-01   8.5375621e-01   8.4128130e-01   8.2903194e-01   8.1703330e-01   8.0529970e-01   7.9383607e-01   7.8263921e-01   7.7169919e-01   7.6100060e-01   7.5052394e-01   7.4024694e-01
   9.2149044e-03   1.2268091e-02   1.5806780e-02   1.9839994e-02   2.4375778e-02   2.9421737e-02   3.4985315e-02   4.1073938e-02   4.7695096e-02   5.4856366e-02   6.2565412e-02   7.0829960e-02   7.9657750e-02   8.9056480e-02   9.9033728e-02   1.0959687e-01   1.2075295e-01   1.3250862e-01   1.4486995e-01   1.5784232e-01   1.7143027e-01   1.8563731e-01   2.0046580e-01   2.1591672e-01   2.3198954e-01   2.4868204e-01   2.6599016e-01   2.8390788e-01   3.0242716e-01   3.2153788e-01   3.4122792e-01   3.6148330e-01   3.8228847e-01   4.0362672e-01   4.2548075e-01   4.4783348e-01   4.7066896e-01   4.9397341e-01   5.1773626e-01   5.4195106e-01   5.6661564e-01   5.9173114e-01   6.1729875e-01   6.4331263e-01   6.6974698e-01   6.9653429e-01   7.2353200e-01   7.5047551e-01   7.7691913e-01   8.0217511e-01   8.2527402e-01   8.4498593e-01   8.5994646e-01   8.6890660e-01   8.7105962e-01   8.6632412e-01   8.5544739e-01   8.3987359e-01   8.2143758e-01   8.0201070e-01   7.8321829e-01   7.6629358e-01   7.5206314e-01   7.4101315e-01   7.3338154e-01   7.2924091e-01   7.2855880e-01   7.3123513e-01   7.3712182e-01   7.4602990e-01   7.5772909e-01   7.7194282e-01   7.8834121e-01   8.0653384e-01   8.2606395e-01   8.4640630e-01   8.6697109e-01   8.8711731e-01   9.0617843e-01   9.2350282e-01   9.3850814e-01   9.5074412e-01   9.5995231e-01   9.6610599e-01   9.6941454e-01   9.7028361e-01   9.6923760e-01   9.6682510e-01   9.6353415e-01   9.5973844e-01   9.5568073e-01   9.5148581e-01   9.4718939e-01   9.4277148e-01   9.3818783e-01   9.3339694e-01   9.2838158e-01   9.2316379e-01   9.1781295e-01   9.1244701e-01   9.0722749e-01   9.0234939e-01   8.9802730e-01   8.9447906e-01   8.9190850e-01   8.9048843e-01   8.9034548e-01   8.9154787e-01   8.9409738e-01   8.9792600e-01   9.0289795e-01   9.0881661e-01   9.1543577e-01   9.2247428e-01   9.2963232e-01   9.3660827e-01   9.4311437e-01   9.4889040e-01   9.5371437e-01   9.5741006e-01   9.5985135e-01   9.6096359e-01   9.6072239e-01   9.5915024e-01   9.5631144e-01   9.5230532e-01   9.4725828e-01   9.4131498e-01   9.3462928e-01   9.2735604e-01   9.1964470e-01   9.1163537e-01   9.0345750e-01   8.9523107e-01   8.8707028e-01   8.7909006e-01   8.7141462e-01   8.6418560e-01   8.5756598e-01   8.5173626e-01   8.4688176e-01   8.4317280e-01   8.4074136e-01   8.3965905e-01   8.3992057e-01   8.4143631e-01   8.4403689e-01   8.4749008e-01   8.5152862e-01   8.5588495e-01   8.6032672e-01   8.6468744e-01   8.6888696e-01   8.7293934e-01   8.7694772e-01   8.8108774e-01   8.8558230e-01   8.9067045e-01   8.9657348e-01   9.0346119e-01   9.1142112e-01   9.2043443e-01   9.3036190e-01   9.4094319e-01   9.5181147e-01   9.6252268e-01   9.7259612e-01   9.8156024e-01   9.8899628e-01   9.9457292e-01   9.9806730e-01   9.9937118e-01   9.9848378e-01   9.9549514e-01   9.9056431e-01   9.8389649e-01   9.7572207e-01   9.6627928e-01   9.5580105e-01   9.4450608e-01   9.3259331e-01   9.2023918e-01   9.0759691e-01   8.9479707e-01   8.8194894e-01   8.6914227e-01   8.5644919e-01   8.4392610e-01   8.3161539e-01   8.1954706e-01   8.0774010e-01   7.9620384e-01   7.8493912e-01   7.7393947e-01   7.6319227e-01   7.5268001e-01
   9.4918717e-03   1.2664162e-02   1.6342706e-02   2.0536136e-02   2.5252024e-02   3.0497393e-02   3.6278980e-02   4.2603362e-02   4.9477004e-02   5.6906269e-02   6.4897379e-02   7.3456363e-02   8.2588972e-02   9.2300587e-02   1.0259610e-01   1.1347976e-01   1.2495506e-01   1.3702453e-01   1.4968958e-01   1.6295028e-01   1.7680517e-01   1.9125100e-01   2.0628256e-01   2.2189239e-01   2.3807060e-01   2.5480462e-01   2.7207905e-01   2.8987550e-01   3.0817249e-01   3.2694545e-01   3.4616682e-01   3.6580621e-01   3.8583085e-01   4.0620607e-01   4.2689612e-01   4.4786517e-01   4.6907853e-01   4.9050422e-01   5.1211464e-01   5.3388839e-01   5.5581205e-01   5.7788158e-01   6.0010296e-01   6.2249128e-01   6.4506738e-01   6.6785064e-01   6.9084615e-01   7.1402426e-01   7.3729089e-01   7.6044792e-01   7.8314662e-01   8.0484269e-01   8.2477040e-01   8.4196166e-01   8.5533762e-01   8.6388418e-01   8.6688569e-01   8.6414681e-01   8.5611435e-01   8.4384528e-01   8.2883358e-01   8.1276143e-01   7.9725286e-01   7.8369054e-01   7.7312316e-01   7.6625485e-01   7.6348513e-01   7.6496643e-01   7.7065635e-01   7.8035457e-01   7.9372306e-01   8.1029249e-01   8.2946017e-01   8.5048555e-01   8.7249073e-01   8.9447414e-01   9.1534595e-01   9.3399240e-01   9.4937095e-01   9.6062873e-01   9.6722351e-01   9.6901538e-01   9.6629533e-01   9.5973314e-01   9.5025747e-01   9.3890961e-01   9.2671649e-01   9.1460366e-01   9.0333902e-01   8.9349125e-01   8.8540191e-01   8.7918184e-01   8.7473853e-01   8.7182869e-01   8.7012262e-01   8.6926683e-01   8.6893612e-01   8.6887094e-01   8.6889952e-01   8.6894602e-01   8.6902647e-01   8.6923510e-01   8.6972334e-01   8.7067425e-01   8.7227523e-01   8.7469186e-01   8.7804542e-01   8.8239638e-01   8.8773502e-01   8.9397979e-01   9.0098278e-01   9.0854107e-01   9.1641210e-01   9.2433106e-01   9.3202837e-01   9.3924574e-01   9.4574959e-01   9.5134139e-01   9.5586474e-01   9.5920935e-01   9.6131234e-01   9.6215730e-01   9.6177155e-01   9.6022189e-01   9.5760901e-01   9.5406092e-01   9.4972569e-01   9.4476397e-01   9.3934208e-01   9.3362615e-01   9.2777760e-01   9.2194991e-01   9.1628634e-01   9.1091834e-01   9.0596407e-01   9.0152571e-01   8.9768406e-01   8.9448943e-01   8.9195028e-01   8.9002320e-01   8.8860878e-01   8.8755716e-01   8.8668383e-01   8.8579319e-01   8.8470490e-01   8.8327778e-01   8.8142690e-01   8.7913211e-01   8.7643806e-01   8.7344779e-01   8.7031232e-01   8.6721849e-01   8.6437684e-01   8.6201031e-01   8.6034404e-01   8.5959604e-01   8.5996811e-01   8.6163668e-01   8.6474307e-01   8.6938315e-01   8.7559667e-01   8.8335702e-01   8.9256272e-01   9.0303207e-01   9.1450291e-01   9.2663883e-01   9.3904275e-01   9.5127760e-01   9.6289264e-01   9.7345254e-01   9.8256586e-01   9.8990917e-01   9.9524402e-01   9.9842525e-01   9.9940033e-01   9.9820131e-01   9.9493123e-01   9.8974774e-01   9.8284599e-01   9.7444274e-01   9.6476267e-01   9.5402767e-01   9.4244886e-01   9.3022139e-01   9.1752130e-01   9.0450423e-01   8.9130522e-01   8.7803950e-01   8.6480364e-01   8.5167705e-01   8.3872351e-01   8.2599270e-01   8.1352160e-01   8.0133582e-01   7.8945074e-01   7.7787260e-01
   9.3485743e-03   1.2457387e-02   1.6061488e-02   2.0169862e-02   2.4790501e-02   2.9930929e-02   3.5598472e-02   4.1800390e-02   4.8543947e-02   5.5836419e-02   6.3685078e-02   7.2097147e-02   8.1079736e-02   9.0639753e-02   1.0078380e-01   1.1151806e-01   1.2284815e-01   1.3477896e-01   1.4731448e-01   1.6045761e-01   1.7420995e-01   1.8857154e-01   2.0354068e-01   2.1911359e-01   2.3528424e-01   2.5204401e-01   2.6938146e-01   2.8728213e-01   3.0572827e-01   3.2469873e-01   3.4416888e-01   3.6411060e-01   3.8449245e-01   4.0527994e-01   4.2643606e-01   4.4792197e-01   4.6969797e-01   4.9172472e-01   5.1396473e-01   5.3638400e-01   5.5895376e-01   5.8165200e-01   6.0446452e-01   6.2738482e-01   6.5041196e-01   6.7354533e-01   6.9677458e-01   7.2006299e-01   7.4332254e-01   7.6637992e-01   7.8893511e-01   8.1051928e-01   8.3046583e-01   8.4791652e-01   8.6188787e-01   8.7141281e-01   8.7574379e-01   8.7456348e-01   8.6812593e-01   8.5726854e-01   8.4328952e-01   8.2773702e-01   8.1217723e-01   7.9800174e-01   7.8631072e-01   7.7787633e-01   7.7316439e-01   7.7238347e-01   7.7553745e-01   7.8246829e-01   7.9288539e-01   8.0638273e-01   8.2244747e-01   8.4046449e-01   8.5972163e-01   8.7942087e-01   8.9870049e-01   9.1667308e-01   9.3248200e-01   9.4537512e-01   9.5478807e-01   9.6042165e-01   9.6229270e-01   9.6073819e-01   9.5636363e-01   9.4994446e-01   9.4230695e-01   9.3422029e-01   9.2632111e-01   9.1907401e-01   9.1276001e-01   9.0748481e-01   9.0320322e-01   8.9975766e-01   8.9692583e-01   8.9446980e-01   8.9217903e-01   8.8990206e-01   8.8756495e-01   8.8517689e-01   8.8282474e-01   8.8065903e-01   8.7887385e-01   8.7768339e-01   8.7729741e-01   8.7789795e-01   8.7961941e-01   8.8253352e-01   8.8664049e-01   8.9186665e-01   8.9806856e-01   9.0504278e-01   9.1253978e-01   9.2028059e-01   9.2797433e-01   9.3533506e-01   9.4209675e-01   9.4802542e-01   9.5292814e-01   9.5665881e-01   9.5912087e-01   9.6026746e-01   9.6009930e-01   9.5866078e-01   9.5603434e-01   9.5233367e-01   9.4769567e-01   9.4227208e-01   9.3622135e-01   9.2970176e-01   9.2286666e-01   9.1586180e-01   9.0882494e-01   9.0188746e-01   8.9517780e-01   8.8882618e-01   8.8296816e-01   8.7774430e-01   8.7329292e-01   8.6973583e-01   8.6715952e-01   8.6559643e-01   8.6501144e-01   8.6529775e-01   8.6628420e-01   8.6775377e-01   8.6947042e-01   8.7120963e-01   8.7278738e-01   8.7408279e-01   8.7505155e-01   8.7572925e-01   8.7622581e-01   8.7671319e-01   8.7740852e-01   8.7855495e-01   8.8040144e-01   8.8318219e-01   8.8709639e-01   8.9228863e-01   8.9883080e-01   9.0670700e-01   9.1580329e-01   9.2590449e-01   9.3670006e-01   9.4780019e-01   9.5876145e-01   9.6911970e-01   9.7842626e-01   9.8628220e-01   9.9236614e-01   9.9645214e-01   9.9841624e-01   9.9823252e-01   9.9596086e-01   9.9172965e-01   9.8571650e-01   9.7812959e-01   9.6919130e-01   9.5912512e-01   9.4814597e-01   9.3645363e-01   9.2422891e-01   9.1163189e-01   8.9880153e-01   8.8585645e-01   8.7289614e-01   8.6000258e-01   8.4724190e-01   8.3466607e-01   8.2231439e-01   8.1021490e-01   7.9838569e-01   7.8683594e-01   7.7556710e-01   7.6457377e-01
   9.1068620e-03   1.2121409e-02   1.5615802e-02   1.9599368e-02   2.4080522e-02   2.9067300e-02   3.4567639e-02   4.0589527e-02   4.7141078e-02   5.4230564e-02   6.1866416e-02   7.0057195e-02   7.8811553e-02   8.8138173e-02   9.8045689e-02   1.0854260e-01   1.1963716e-01   1.3133725e-01   1.4365026e-01   1.5658291e-01   1.7014110e-01   1.8432972e-01   1.9915247e-01   2.1461163e-01   2.3070788e-01   2.4744010e-01   2.6480513e-01   2.8279767e-01   3.0141008e-01   3.2063236e-01   3.4045210e-01   3.6085466e-01   3.8182335e-01   4.0333992e-01   4.2538513e-01   4.4793969e-01   4.7098529e-01   4.9450596e-01   5.1848948e-01   5.4292873e-01   5.6782247e-01   5.9317498e-01   6.1899327e-01   6.4528016e-01   6.7202045e-01   6.9915687e-01   7.2655174e-01   7.5393165e-01   7.8081711e-01   8.0644976e-01   8.2974814e-01   8.4934237e-01   8.6374087e-01   8.7164146e-01   8.7230886e-01   8.6585770e-01   8.5329344e-01   8.3628936e-01   8.1681138e-01   7.9674721e-01   7.7765553e-01   7.6067177e-01   7.4653621e-01   7.3568125e-01   7.2832617e-01   7.2455299e-01   7.2435690e-01   7.2767438e-01   7.3439487e-01   7.4436128e-01   7.5736325e-01   7.7312598e-01   7.9129671e-01   8.1143071e-01   8.3297948e-01   8.5528467e-01   8.7758255e-01   8.9902508e-01   9.1872345e-01   9.3581713e-01   9.4956548e-01   9.5944867e-01   9.6525454e-01   9.6712230e-01   9.6552174e-01   9.6116679e-01   9.5488903e-01   9.4751161e-01   9.3975721e-01   9.3219974e-01   9.2524829e-01   9.1914910e-01   9.1399906e-01   9.0977134e-01   9.0635210e-01   9.0358289e-01   9.0130153e-01   8.9937515e-01   8.9772232e-01   8.9632336e-01   8.9521978e-01   8.9450450e-01   8.9430532e-01   8.9476398e-01   8.9601366e-01   8.9815768e-01   9.0125190e-01   9.0529276e-01   9.1021229e-01   9.1588007e-01   9.2211163e-01   9.2868160e-01   9.3533980e-01   9.4182809e-01   9.4789637e-01   9.5331624e-01   9.5789165e-01   9.6146614e-01   9.6392696e-01   9.6520629e-01   9.6528019e-01   9.6416566e-01   9.6191639e-01   9.5861725e-01   9.5437813e-01   9.4932717e-01   9.4360402e-01   9.3735362e-01   9.3072099e-01   9.2384755e-01   9.1686914e-01   9.0991576e-01   9.0311333e-01   8.9658666e-01   8.9046285e-01   8.8487258e-01   8.7994709e-01   8.7580927e-01   8.7255936e-01   8.7025790e-01   8.6890973e-01   8.6845348e-01   8.6875972e-01   8.6963967e-01   8.7086365e-01   8.7218683e-01   8.7337769e-01   8.7424447e-01   8.7465548e-01   8.7455109e-01   8.7394678e-01   8.7292867e-01   8.7164369e-01   8.7028650e-01   8.6908510e-01   8.6828642e-01   8.6814224e-01   8.6889546e-01   8.7076660e-01   8.7394004e-01   8.7855015e-01   8.8466748e-01   8.9228607e-01   9.0131339e-01   9.1156474e-01   9.2276427e-01   9.3455419e-01   9.4651279e-01   9.5818052e-01   9.6909153e-01   9.7880698e-01   9.8694561e-01   9.9320763e-01   9.9738912e-01   9.9938620e-01   9.9918959e-01   9.9687208e-01   9.9257146e-01   9.8647198e-01   9.7878643e-01   9.6974055e-01   9.5956045e-01   9.4846333e-01   9.3665113e-01   9.2430680e-01   9.1159250e-01   8.9864930e-01   8.8559777e-01   8.7253924e-01   8.5955733e-01   8.4671957e-01   8.3407903e-01   8.2167581e-01   8.0953841e-01   7.9768496e-01   7.8612428e-01
   9.0909872e-03   1.2091134e-02   1.5568138e-02   1.9531414e-02   2.3989482e-02   2.8950487e-02   3.4422487e-02   4.0413601e-02   4.6932089e-02   5.3986387e-02   6.1585109e-02   6.9737023e-02   7.8451013e-02   8.7736025e-02   9.7600991e-02   1.0805475e-01   1.1910593e-01   1.3076286e-01   1.4303342e-01   1.5592492e-01   1.6944390e-01   1.8359603e-01   1.9838587e-01   2.1381675e-01   2.2989055e-01   2.4660757e-01   2.6396635e-01   2.8196358e-01   3.0059404e-01   3.1985060e-01   3.3972438e-01   3.6020495e-01   3.8128081e-01   4.0293997e-01   4.2517087e-01   4.4796351e-01   4.7131082e-01   4.9521027e-01   5.1966545e-01   5.4468732e-01   5.7029438e-01   5.9651070e-01   6.2335976e-01   6.5085112e-01   6.7895553e-01   7.0756299e-01   7.3641828e-01   7.6503286e-01   7.9258417e-01   8.1783857e-01   8.3916666e-01   8.5473640e-01   8.6292110e-01   8.6282262e-01   8.5466506e-01   8.3982472e-01   8.2046949e-01   7.9900250e-01   7.7756727e-01   7.5777628e-01   7.4067375e-01   7.2684160e-01   7.1654669e-01   7.0986784e-01   7.0678301e-01   7.0721938e-01   7.1107659e-01   7.1823261e-01   7.2853922e-01   7.4181147e-01   7.5781366e-01   7.7624348e-01   7.9671575e-01   8.1874755e-01   8.4174758e-01   8.6501417e-01   8.8774754e-01   9.0908309e-01   9.2815040e-01   9.4415826e-01   9.5649605e-01   9.6483062e-01   9.6916873e-01   9.6985828e-01   9.6751905e-01   9.6292165e-01   9.5685488e-01   9.5002168e-01   9.4298191e-01   9.3613496e-01   9.2972510e-01   9.2385841e-01   9.1852860e-01   9.1365106e-01   9.0910148e-01   9.0475304e-01   9.0050702e-01   8.9631386e-01   8.9218383e-01   8.8818824e-01   8.8445261e-01   8.8114371e-01   8.7845214e-01   8.7657259e-01   8.7568362e-01   8.7592873e-01   8.7740068e-01   8.8013033e-01   8.8408095e-01   8.8914841e-01   8.9516700e-01   9.0191988e-01   9.0915306e-01   9.1659118e-01   9.2395375e-01   9.3097026e-01   9.3739334e-01   9.4300915e-01   9.4764484e-01   9.5117315e-01   9.5351424e-01   9.5463530e-01   9.5454810e-01   9.5330480e-01   9.5099226e-01   9.4772499e-01   9.4363717e-01   9.3887443e-01   9.3358640e-01   9.2792074e-01   9.2201944e-01   9.1601701e-01   9.1004051e-01   9.0421096e-01   8.9864607e-01   8.9346251e-01   8.8877563e-01   8.8469392e-01   8.8130751e-01   8.7867307e-01   8.7679906e-01   8.7563629e-01   8.7507702e-01   8.7496376e-01   8.7510670e-01   8.7530680e-01   8.7538043e-01   8.7518154e-01   8.7461814e-01   8.7366148e-01   8.7234765e-01   8.7077318e-01   8.6908611e-01   8.6747465e-01   8.6615476e-01   8.6535750e-01   8.6531652e-01   8.6625561e-01   8.6837599e-01   8.7184323e-01   8.7677372e-01   8.8322123e-01   8.9116458e-01   9.0049791e-01   9.1102550e-01   9.2246321e-01   9.3444797e-01   9.4655599e-01   9.5832868e-01   9.6930387e-01   9.7904837e-01   9.8718783e-01   9.9342972e-01   9.9757710e-01   9.9953214e-01   9.9929051e-01   9.9692866e-01   9.9258692e-01   9.8645109e-01   9.7873479e-01   9.6966408e-01   9.5946509e-01   9.4835485e-01   9.3653510e-01   9.2418858e-01   9.1147730e-01   8.9854220e-01   8.8550377e-01   8.7246329e-01   8.5950435e-01   8.4669440e-01   8.3408642e-01   8.2172031e-01   8.0962433e-01   7.9781623e-01   7.8630438e-01
   9.5250522e-03   1.2708381e-02   1.6399336e-02   2.0606405e-02   2.5336979e-02   3.0597873e-02   3.6395584e-02   4.2736423e-02   4.9626566e-02   5.7072062e-02   6.5078795e-02   7.3652439e-02   8.2798373e-02   9.2521591e-02   1.0282659e-01   1.1371724e-01   1.2519665e-01   1.3726699e-01   1.4992934e-01   1.6318352e-01   1.7702786e-01   1.9145904e-01   2.0647187e-01   2.2205912e-01   2.3821131e-01   2.5491657e-01   2.7216049e-01   2.8992605e-01   3.0819364e-01   3.2694103e-01   3.4614366e-01   3.6577486e-01   3.8580635e-01   4.0620890e-01   4.2695315e-01   4.4801074e-01   4.6935554e-01   4.9096521e-01   5.1282275e-01   5.3491809e-01   5.5724942e-01   5.7982382e-01   6.0265659e-01   6.2576844e-01   6.4917913e-01   6.7289589e-01   6.9689456e-01   7.2109124e-01   7.4530327e-01   7.6920082e-01   7.9225598e-01   8.1370507e-01   8.3255022e-01   8.4763214e-01   8.5779537e-01   8.6213154e-01   8.6023465e-01   8.5236946e-01   8.3947705e-01   8.2301401e-01   8.0469007e-01   7.8619416e-01   7.6898338e-01   7.5417286e-01   7.4252099e-01   7.3447643e-01   7.3024836e-01   7.2987360e-01   7.3326821e-01   7.4026134e-01   7.5061370e-01   7.6402453e-01   7.8013091e-01   7.9850243e-01   8.1863445e-01   8.3994280e-01   8.6176346e-01   8.8336128e-01   9.0395217e-01   9.2274270e-01   9.3898872e-01   9.5206958e-01   9.6156758e-01   9.6733444e-01   9.6952298e-01   9.6856708e-01   9.6510802e-01   9.5988520e-01   9.5362312e-01   9.4694448e-01   9.4032286e-01   9.3407025e-01   9.2834674e-01   9.2318292e-01   9.1851122e-01   9.1420376e-01   9.1011241e-01   9.0610558e-01   9.0209679e-01   8.9806235e-01   8.9404789e-01   8.9016475e-01   8.8657811e-01   8.8348919e-01   8.8111376e-01   8.7965921e-01   8.7930252e-01   8.8017111e-01   8.8232829e-01   8.8576466e-01   8.9039610e-01   8.9606818e-01   9.0256642e-01   9.0963082e-01   9.1697315e-01   9.2429513e-01   9.3130578e-01   9.3773666e-01   9.4335422e-01   9.4796869e-01   9.5143967e-01   9.5367864e-01   9.5464869e-01   9.5436214e-01   9.5287606e-01   9.5028614e-01   9.4671905e-01   9.4232364e-01   9.3726176e-01   9.3169988e-01   9.2580241e-01   9.1972738e-01   9.1362416e-01   9.0763247e-01   9.0188239e-01   8.9649506e-01   8.9158296e-01   8.8724713e-01   8.8356924e-01   8.8059810e-01   8.7833454e-01   8.7672053e-01   8.7563830e-01   8.7492189e-01   8.7437961e-01   8.7382274e-01   8.7309426e-01   8.7209213e-01   8.7078373e-01   8.6921038e-01   8.6748331e-01   8.6577336e-01   8.6429710e-01   8.6330122e-01   8.6304653e-01   8.6379179e-01   8.6577729e-01   8.6920779e-01   8.7423471e-01   8.8093794e-01   8.8930864e-01   8.9923494e-01   9.1049355e-01   9.2275038e-01   9.3557248e-01   9.4845250e-01   9.6084407e-01   9.7220420e-01   9.8203675e-01   9.8993037e-01   9.9558544e-01   9.9882691e-01   9.9960283e-01   9.9797108e-01   9.9407831e-01   9.8813528e-01   9.8039250e-01   9.7111874e-01   9.6058375e-01   9.4904568e-01   9.3674268e-01   9.2388818e-01   9.1066890e-01   8.9724470e-01   8.8374977e-01   8.7029446e-01   8.5696745e-01   8.4383796e-01   8.3095789e-01   8.1836378e-01   8.0607854e-01   7.9411308e-01   7.8246774e-01   7.7113374e-01   7.6009460e-01   7.4932760e-01
   9.3545659e-03   1.2467888e-02   1.6077060e-02   2.0190857e-02   2.4817037e-02   2.9962851e-02   3.5635322e-02   4.1841381e-02   4.8587936e-02   5.5881885e-02   6.3730106e-02   7.2139416e-02   8.1116511e-02   9.0667894e-02   1.0079978e-01   1.1151798e-01   1.2282780e-01   1.3473389e-01   1.4724009e-01   1.6034929e-01   1.7406323e-01   1.8838233e-01   2.0330550e-01   2.1882995e-01   2.3495098e-01   2.5166182e-01   2.6895349e-01   2.8681459e-01   3.0523130e-01   3.2418729e-01   3.4366381e-01   3.6363981e-01   3.8409223e-01   4.0499643e-01   4.2632675e-01   4.4805730e-01   4.7016294e-01   4.9262030e-01   5.1540904e-01   5.3851294e-01   5.6192073e-01   5.8562620e-01   6.0962704e-01   6.3392141e-01   6.5850098e-01   6.8333885e-01   7.0837013e-01   7.3346356e-01   7.5838319e-01   7.8274247e-01   8.0595868e-01   8.2722467e-01   8.4552418e-01   8.5971992e-01   8.6872876e-01   8.7176065e-01   8.6855010e-01   8.5948855e-01   8.4559870e-01   8.2836163e-01   8.0946178e-01   7.9053082e-01   7.7295744e-01   7.5779497e-01   7.4575767e-01   7.3727089e-01   7.3253871e-01   7.3160587e-01   7.3440413e-01   7.4078189e-01   7.5052002e-01   7.6333744e-01   7.7889010e-01   7.9676602e-01   8.1647927e-01   8.3746541e-01   8.5908182e-01   8.8061668e-01   9.0131109e-01   9.2039841e-01   9.3716232e-01   9.5101010e-01   9.6155003e-01   9.6865347e-01   9.7247923e-01   9.7344391e-01   9.7213917e-01   9.6921768e-01   9.6528271e-01   9.6081181e-01   9.5612685e-01   9.5140250e-01   9.4669616e-01   9.4198485e-01   9.3720186e-01   9.3226998e-01   9.2712950e-01   9.2175926e-01   9.1618942e-01   9.1050597e-01   9.0484786e-01   8.9939809e-01   8.9437044e-01   8.8999339e-01   8.8649249e-01   8.8407262e-01   8.8290129e-01   8.8309424e-01   8.8470432e-01   8.8771465e-01   8.9203668e-01   8.9751338e-01   9.0392726e-01   9.1101271e-01   9.1847135e-01   9.2598902e-01   9.3325312e-01   9.3996863e-01   9.4587187e-01   9.5074130e-01   9.5440487e-01   9.5674404e-01   9.5769480e-01   9.5724587e-01   9.5543472e-01   9.5234160e-01   9.4808177e-01   9.4279642e-01   9.3664266e-01   9.2978358e-01   9.2237974e-01   9.1458322e-01   9.0653470e-01   8.9836347e-01   8.9018969e-01   8.8212921e-01   8.7430095e-01   8.6683589e-01   8.5988428e-01   8.5361627e-01   8.4821273e-01   8.4384625e-01   8.4065600e-01   8.3872178e-01   8.3804330e-01   8.3852938e-01   8.4000036e-01   8.4220489e-01   8.4484925e-01   8.4763460e-01   8.5029546e-01   8.5263279e-01   8.5453653e-01   8.5599519e-01   8.5709312e-01   8.5799795e-01   8.5894148e-01   8.6019710e-01   8.6205596e-01   8.6480314e-01   8.6869443e-01   8.7393398e-01   8.8065331e-01   8.8889265e-01   8.9858649e-01   9.0955544e-01   9.2150725e-01   9.3404866e-01   9.4670888e-01   9.5897327e-01   9.7032337e-01   9.8027815e-01   9.8843043e-01   9.9447363e-01   9.9821579e-01   9.9958052e-01   9.9859686e-01   9.9538134e-01   9.9011614e-01   9.8302672e-01   9.7436152e-01   9.6437505e-01   9.5331522e-01   9.4141438e-01   9.2888391e-01   9.1591143e-01   9.0266001e-01   8.8926870e-01   8.7585392e-01   8.6251129e-01   8.4931754e-01   8.3633253e-01   8.2360106e-01   8.1115452e-01   7.9901241e-01   7.8718369e-01
   9.1024738e-03   1.2104144e-02   1.5582524e-02   1.9546989e-02   2.4005995e-02   2.8967611e-02   3.4439811e-02   4.0430620e-02   4.6948199e-02   5.4000876e-02   6.1597155e-02   6.9745694e-02   7.8455267e-02   8.7734714e-02   9.7592876e-02   1.0803851e-01   1.1908020e-01   1.3072624e-01   1.4298454e-01   1.5586247e-01   1.6936673e-01   1.8350321e-01   1.9827681e-01   2.1369131e-01   2.2974923e-01   2.4645163e-01   2.6379807e-01   2.8178646e-01   3.0041307e-01   3.1967257e-01   3.3955813e-01   3.6006170e-01   3.8117442e-01   4.0288717e-01   4.2519139e-01   4.4807999e-01   4.7154856e-01   4.9559650e-01   5.2022812e-01   5.4545312e-01   5.7128585e-01   5.9774213e-01   6.2483185e-01   6.5254447e-01   6.8082391e-01   7.0952816e-01   7.3837047e-01   7.6684296e-01   7.9413569e-01   8.1908437e-01   8.4020416e-01   8.5587353e-01   8.6468648e-01   8.6588385e-01   8.5967007e-01   8.4723794e-01   8.3048239e-01   8.1155031e-01   7.9242266e-01   7.7466069e-01   7.5934062e-01   7.4711857e-01   7.3834574e-01   7.3317747e-01   7.3165262e-01   7.3374087e-01   7.3936440e-01   7.4840176e-01   7.6068013e-01   7.7596046e-01   7.9391866e-01   8.1412577e-01   8.3603005e-01   8.5894557e-01   8.8205287e-01   9.0441900e-01   9.2504383e-01   9.4293707e-01   9.5722270e-01   9.6725662e-01   9.7273050e-01   9.7372871e-01   9.7071275e-01   9.6443241e-01   9.5579331e-01   9.4572639e-01   9.3509306e-01   9.2462877e-01   9.1490897e-01   9.0632558e-01   8.9907736e-01   8.9318191e-01   8.8850983e-01   8.8483295e-01   8.8187590e-01   8.7936217e-01   8.7705017e-01   8.7475812e-01   8.7237821e-01   8.6988158e-01   8.6731555e-01   8.6479469e-01   8.6248676e-01   8.6059516e-01   8.5933879e-01   8.5893121e-01   8.5956012e-01   8.6136925e-01   8.6444362e-01   8.6879976e-01   8.7438154e-01   8.8106177e-01   8.8864949e-01   8.9690183e-01   9.0553927e-01   9.1426273e-01   9.2277084e-01   9.3077610e-01   9.3801865e-01   9.4427720e-01   9.4937668e-01   9.5319260e-01   9.5565248e-01   9.5673473e-01   9.5646506e-01   9.5491106e-01   9.5217484e-01   9.4838422e-01   9.4368309e-01   9.3822195e-01   9.3214986e-01   9.2560899e-01   9.1873203e-01   9.1164219e-01   9.0445561e-01   8.9728631e-01   8.9025361e-01   8.8349023e-01   8.7714756e-01   8.7139423e-01   8.6640629e-01   8.6235015e-01   8.5936209e-01   8.5752850e-01   8.5687075e-01   8.5733752e-01   8.5880674e-01   8.6109761e-01   8.6399195e-01   8.6726173e-01   8.7069862e-01   8.7414052e-01   8.7749100e-01   8.8072901e-01   8.8390817e-01   8.8714675e-01   8.9061021e-01   8.9448882e-01   8.9897287e-01   9.0422746e-01   9.1036915e-01   9.1744620e-01   9.2542452e-01   9.3418093e-01   9.4350527e-01   9.5311183e-01   9.6265930e-01   9.7177727e-01   9.8009578e-01   9.8727418e-01   9.9302538e-01   9.9713291e-01   9.9945928e-01   9.9994610e-01   9.9860725e-01   9.9551740e-01   9.9079803e-01   9.8460314e-01   9.7710599e-01   9.6848784e-01   9.5892914e-01   9.4860294e-01   9.3767054e-01   9.2627890e-01   9.1455930e-01   9.0262709e-01   8.9058205e-01   8.7850916e-01   8.6647963e-01   8.5455195e-01   8.4277296e-01   8.3117891e-01   8.1979634e-01   8.0864300e-01   7.9772859e-01   7.8705555e-01
   8.9855770e-03   1.1946340e-02   1.5377626e-02   1.9288794e-02   2.3688369e-02   2.8584563e-02   3.3985545e-02   3.9899594e-02   4.6335184e-02   5.3301023e-02   6.0806069e-02   6.8859518e-02   7.7470784e-02   8.6649455e-02   9.6405248e-02   1.0674794e-01   1.1768728e-01   1.2923294e-01   1.4139437e-01   1.5418071e-01   1.6760067e-01   1.8166238e-01   1.9637331e-01   2.1174004e-01   2.2776821e-01   2.4446232e-01   2.6182563e-01   2.7986009e-01   2.9856626e-01   3.1794327e-01   3.3798894e-01   3.5869993e-01   3.8007195e-01   4.0210024e-01   4.2478004e-01   4.4810726e-01   4.7207924e-01   4.9669538e-01   5.2195749e-01   5.4786940e-01   5.7443503e-01   6.0165355e-01   6.2951001e-01   6.5795826e-01   6.8689297e-01   7.1610686e-01   7.4523144e-01   7.7366599e-01   8.0051272e-01   8.2455702e-01   8.4434955e-01   8.5843802e-01   8.6573230e-01   8.6587985e-01   8.5946470e-01   8.4791192e-01   8.3314472e-01   8.1716193e-01   8.0170253e-01   7.8808053e-01   7.7717692e-01   7.6952140e-01   7.6539581e-01   7.6491959e-01   7.6810430e-01   7.7487944e-01   7.8509677e-01   7.9852057e-01   8.1481005e-01   8.3349926e-01   8.5397970e-01   8.7549147e-01   8.9712994e-01   9.1787551e-01   9.3665267e-01   9.5242047e-01   9.6428774e-01   9.7163426e-01   9.7420863e-01   9.7217028e-01   9.6605679e-01   9.5668458e-01   9.4501927e-01   9.3205821e-01   9.1874569e-01   9.0591268e-01   8.9422535e-01   8.8414195e-01   8.7589136e-01   8.6948312e-01   8.6474626e-01   8.6138475e-01   8.5903647e-01   8.5732599e-01   8.5590676e-01   8.5449130e-01   8.5287032e-01   8.5092214e-01   8.4861421e-01   8.4599816e-01   8.4319966e-01   8.4040430e-01   8.3784057e-01   8.3576088e-01   8.3442189e-01   8.3406507e-01   8.3489868e-01   8.3708222e-01   8.4071429e-01   8.4582451e-01   8.5237014e-01   8.6023733e-01   8.6924701e-01   8.7916460e-01   8.8971291e-01   9.0058706e-01   9.1147023e-01   9.2204929e-01   9.3202911e-01   9.4114509e-01   9.4917324e-01   9.5593763e-01   9.6131530e-01   9.6523863e-01   9.6769534e-01   9.6872630e-01   9.6842102e-01   9.6691102e-01   9.6436100e-01   9.6095845e-01   9.5690274e-01   9.5239496e-01   9.4762974e-01   9.4278949e-01   9.3804048e-01   9.3353049e-01   9.2938772e-01   9.2572097e-01   9.2262012e-01   9.2015501e-01   9.1837154e-01   9.1728558e-01   9.1687794e-01   9.1709412e-01   9.1785126e-01   9.1905186e-01   9.2060165e-01   9.2242740e-01   9.2449081e-01   9.2679550e-01   9.2938577e-01   9.3233736e-01   9.3574166e-01   9.3968586e-01   9.4423177e-01   9.4939640e-01   9.5513716e-01   9.6134420e-01   9.6784118e-01   9.7439518e-01   9.8073419e-01   9.8656988e-01   9.9162212e-01   9.9564155e-01   9.9842717e-01   9.9983720e-01   9.9979273e-01   9.9827504e-01   9.9531814e-01   9.9099854e-01   9.8542403e-01   9.7872277e-01   9.7103376e-01   9.6249901e-01   9.5325766e-01   9.4344174e-01   9.3317346e-01   9.2256373e-01   9.1171143e-01   9.0070345e-01   8.8961501e-01   8.7851026e-01   8.6744306e-01   8.5645767e-01   8.4558956e-01   8.3486608e-01   8.2430712e-01   8.1392577e-01   8.0372892e-01   7.9371783e-01   7.8388878e-01   7.7423375e-01   7.6474112e-01   7.5539652e-01   7.4618358e-01   7.3708489e-01
   9.1568908e-03   1.2191278e-02   1.5708651e-02   1.9718179e-02   2.4228092e-02   2.9246213e-02   3.4780233e-02   4.0837865e-02   4.7426918e-02   5.4555325e-02   6.2231145e-02   7.0462538e-02   7.9257720e-02   8.8624906e-02   9.8572232e-02   1.0910767e-01   1.2023893e-01   1.3197332e-01   1.4431764e-01   1.5727804e-01   1.7085982e-01   1.8506731e-01   1.9990367e-01   2.1537068e-01   2.3146859e-01   2.4819590e-01   2.6554921e-01   2.8352303e-01   3.0210971e-01   3.2129931e-01   3.4107963e-01   3.6143627e-01   3.8235285e-01   4.0381135e-01   4.2579256e-01   4.4827681e-01   4.7124473e-01   4.9467826e-01   5.1856156e-01   5.4288188e-01   5.6762969e-01   5.9279790e-01   6.1837877e-01   6.4435747e-01   6.7070002e-01   6.9733333e-01   7.2411438e-01   7.5078725e-01   7.7692961e-01   8.0189826e-01   8.2479560e-01   8.4449248e-01   8.5974635e-01   8.6942990e-01   8.7282677e-01   8.6988593e-01   8.6131449e-01   8.4846005e-01   8.3303754e-01   8.1681286e-01   8.0134795e-01   7.8786253e-01   7.7720978e-01   7.6992440e-01   7.6629591e-01   7.6643559e-01   7.7032372e-01   7.7783584e-01   7.8875195e-01   8.0275396e-01   8.1941650e-01   8.3819592e-01   8.5842270e-01   8.7930280e-01   8.9993450e-01   9.1934679e-01   9.3656379e-01   9.5069436e-01   9.6103731e-01   9.6718247e-01   9.6907989e-01   9.6705122e-01   9.6173229e-01   9.5396141e-01   9.4464883e-01   9.3466462e-01   9.2476282e-01   9.1553688e-01   9.0739442e-01   9.0054768e-01   8.9502370e-01   8.9069624e-01   8.8733372e-01   8.8465291e-01   8.8236865e-01   8.8023355e-01   8.7806513e-01   8.7576079e-01   8.7330212e-01   8.7075043e-01   8.6823566e-01   8.6594023e-01   8.6407967e-01   8.6288156e-01   8.6256422e-01   8.6331670e-01   8.6528138e-01   8.6854042e-01   8.7310702e-01   8.7892201e-01   8.8585591e-01   8.9371614e-01   9.0225848e-01   9.1120179e-01   9.2024431e-01   9.2908048e-01   9.3741672e-01   9.4498522e-01   9.5155508e-01   9.5694041e-01   9.6100540e-01   9.6366644e-01   9.6489183e-01   9.6469910e-01   9.6315052e-01   9.6034681e-01   9.5641937e-01   9.5152145e-01   9.4581884e-01   9.3948126e-01   9.3267539e-01   9.2556021e-01   9.1828491e-01   9.1098928e-01   9.0380633e-01   8.9686743e-01   8.9030874e-01   8.8427657e-01   8.7892811e-01   8.7442469e-01   8.7091727e-01   8.6852682e-01   8.6732387e-01   8.6731250e-01   8.6842265e-01   8.7051355e-01   8.7338881e-01   8.7682137e-01   8.8058426e-01   8.8448172e-01   8.8837516e-01   8.9219959e-01   8.9596825e-01   8.9976560e-01   9.0373050e-01   9.0803236e-01   9.1284361e-01   9.1831155e-01   9.2453260e-01   9.3153158e-01   9.3924838e-01   9.4753392e-01   9.5615637e-01   9.6481731e-01   9.7317604e-01   9.8087869e-01   9.8758824e-01   9.9301110e-01   9.9691697e-01   9.9915026e-01   9.9963279e-01   9.9835891e-01   9.9538533e-01   9.9081788e-01   9.8479741e-01   9.7748644e-01   9.6905769e-01   9.5968483e-01   9.4953568e-01   9.3876750e-01   9.2752412e-01   9.1593448e-01   9.0411218e-01   8.9215577e-01   8.8014947e-01   8.6816407e-01   8.5625809e-01   8.4447875e-01   8.3286306e-01   8.2143878e-01   8.1022525e-01   7.9923423e-01   7.8847067e-01   7.7793346e-01   7.6761620e-01   7.5750799e-01
   9.2201780e-03   1.2272335e-02   1.5809931e-02   1.9842194e-02   2.4377393e-02   2.9423374e-02   3.4987839e-02   4.1078492e-02   4.7703116e-02   5.4869596e-02   6.2585913e-02   7.0860116e-02   7.9700267e-02   8.9114378e-02   9.9110321e-02   1.0969573e-01   1.2087790e-01   1.3266360e-01   1.4505901e-01   1.5806947e-01   1.7169937e-01   1.8595191e-01   2.0082892e-01   2.1633065e-01   2.3245553e-01   2.4920001e-01   2.6655833e-01   2.8452236e-01   3.0308153e-01   3.2222270e-01   3.4193028e-01   3.6218635e-01   3.8297103e-01   4.0426295e-01   4.2604008e-01   4.4828074e-01   4.7096491e-01   4.9407586e-01   5.1760189e-01   5.4153815e-01   5.6588797e-01   5.9066315e-01   6.1588197e-01   6.4156308e-01   6.6771247e-01   6.9429963e-01   7.2121834e-01   7.4822808e-01   7.7487655e-01   8.0041487e-01   8.2373789e-01   8.4340687e-01   8.5782113e-01   8.6556329e-01   8.6583555e-01   8.5879504e-01   8.4560200e-01   8.2814788e-01   8.0860356e-01   7.8898745e-01   7.7089525e-01   7.5542276e-01   7.4322540e-01   7.3463275e-01   7.2975992e-01   7.2859051e-01   7.3102855e-01   7.3692545e-01   7.4608963e-01   7.5828547e-01   7.7322572e-01   7.9056080e-01   8.0986709e-01   8.3063679e-01   8.5227187e-01   8.7408580e-01   8.9531737e-01   9.1516091e-01   9.3281619e-01   9.4755762e-01   9.5881574e-01   9.6625664e-01   9.6983816e-01   9.6982206e-01   9.6673181e-01   9.6126371e-01   9.5417761e-01   9.4619883e-01   9.3795189e-01   9.2992720e-01   9.2246957e-01   9.1577898e-01   9.0992159e-01   9.0485218e-01   9.0044731e-01   8.9654381e-01   8.9297636e-01   8.8960864e-01   8.8635537e-01   8.8319441e-01   8.8016945e-01   8.7738466e-01   8.7499265e-01   8.7317757e-01   8.7213492e-01   8.7205025e-01   8.7307851e-01   8.7532618e-01   8.7883773e-01   8.8358785e-01   8.8947998e-01   8.9635108e-01   9.0398192e-01   9.1211139e-01   9.2045340e-01   9.2871434e-01   9.3660975e-01   9.4387886e-01   9.5029632e-01   9.5568074e-01   9.5990003e-01   9.6287400e-01   9.6457432e-01   9.6502243e-01   9.6428554e-01   9.6247087e-01   9.5971832e-01   9.5619185e-01   9.5207008e-01   9.4753699e-01   9.4277358e-01   9.3795078e-01   9.3322359e-01   9.2872627e-01   9.2456853e-01   9.2083299e-01   9.1757347e-01   9.1481351e-01   9.1254416e-01   9.1072200e-01   9.0926962e-01   9.0808117e-01   9.0703408e-01   9.0600584e-01   9.0489258e-01   9.0362590e-01   9.0218498e-01   9.0060256e-01   8.9896472e-01   8.9740553e-01   8.9609769e-01   8.9524071e-01   8.9504728e-01   8.9572844e-01   8.9747779e-01   9.0045491e-01   9.0476846e-01   9.1045988e-01   9.1748932e-01   9.2572581e-01   9.3494428e-01   9.4483131e-01   9.5500089e-01   9.6501966e-01   9.7443898e-01   9.8282983e-01   9.8981556e-01   9.9509761e-01   9.9847138e-01   9.9983096e-01   9.9916370e-01   9.9653732e-01   9.9208251e-01   9.8597412e-01   9.7841341e-01   9.6961278e-01   9.5978370e-01   9.4912808e-01   9.3783253e-01   9.2606507e-01   9.1397382e-01   9.0168684e-01   8.8931295e-01   8.7694300e-01   8.6465135e-01   8.5249742e-01   8.4052723e-01   8.2877474e-01   8.1726316e-01   8.0600608e-01   7.9500856e-01   7.8426809e-01   7.7377568e-01   7.6351684e-01   7.5347274e-01   7.4362134e-01
   9.2212754e-03   1.2268482e-02   1.5799159e-02   1.9822222e-02   2.4345602e-02   2.9376771e-02   3.4923032e-02   4.0991667e-02   4.7590021e-02   5.4725536e-02   6.2405759e-02   7.0638324e-02   7.9430917e-02   8.8791235e-02   9.8726917e-02   1.0924548e-01   1.2035424e-01   1.3206020e-01   1.4436998e-01   1.5728968e-01   1.7082477e-01   1.8497999e-01   1.9975920e-01   2.1516525e-01   2.3119992e-01   2.4786374e-01   2.6515598e-01   2.8307456e-01   3.0161606e-01   3.2077576e-01   3.4054778e-01   3.6092527e-01   3.8190078e-01   4.0346665e-01   4.2561558e-01   4.4834130e-01   4.7163925e-01   4.9550720e-01   5.1994553e-01   5.4495692e-01   5.7054458e-01   5.9670823e-01   6.2343618e-01   6.5069143e-01   6.7838880e-01   7.0636032e-01   7.3430654e-01   7.6173586e-01   7.8790231e-01   8.1176771e-01   8.3203097e-01   8.4727270e-01   8.5623329e-01   8.5816642e-01   8.5312688e-01   8.4204284e-01   8.2652424e-01   8.0849641e-01   7.8981614e-01   7.7200236e-01   7.5613200e-01   7.4287020e-01   7.3256705e-01   7.2536308e-01   7.2127361e-01   7.2024468e-01   7.2218449e-01   7.2697732e-01   7.3448644e-01   7.4455055e-01   7.5697703e-01   7.7153369e-01   7.8794053e-01   8.0586242e-01   8.2490401e-01   8.4460825e-01   8.6446074e-01   8.8390235e-01   9.0235255e-01   9.1924488e-01   9.3407356e-01   9.4644587e-01   9.5613051e-01   9.6308846e-01   9.6747432e-01   9.6960262e-01   9.6988535e-01   9.6875721e-01   9.6660950e-01   9.6374863e-01   9.6038461e-01   9.5664351e-01   9.5259308e-01   9.4827083e-01   9.4370851e-01   9.3895063e-01   9.3406666e-01   9.2915743e-01   9.2435600e-01   9.1982331e-01   9.1573959e-01   9.1229213e-01   9.0966090e-01   9.0800330e-01   9.0743962e-01   9.0804056e-01   9.0981836e-01   9.1272222e-01   9.1663889e-01   9.2139813e-01   9.2678261e-01   9.3254114e-01   9.3840381e-01   9.4409768e-01   9.4936139e-01   9.5395785e-01   9.5768412e-01   9.6037817e-01   9.6192264e-01   9.6224582e-01   9.6132025e-01   9.5915948e-01   9.5581324e-01   9.5136150e-01   9.4590759e-01   9.3957077e-01   9.3247871e-01   9.2476062e-01   9.1654163e-01   9.0793909e-01   8.9906106e-01   8.9000732e-01   8.8087306e-01   8.7175560e-01   8.6276331e-01   8.5402513e-01   8.4569761e-01   8.3796660e-01   8.3104200e-01   8.2514544e-01   8.2049234e-01   8.1727033e-01   8.1561656e-01   8.1559650e-01   8.1718763e-01   8.2027188e-01   8.2463981e-01   8.3000882e-01   8.3605408e-01   8.4244861e-01   8.4890571e-01   8.5521633e-01   8.6127490e-01   8.6708929e-01   8.7277426e-01   8.7852971e-01   8.8460745e-01   8.9127051e-01   8.9874939e-01   9.0719971e-01   9.1666623e-01   9.2705815e-01   9.3814071e-01   9.4954632e-01   9.6080558e-01   9.7139463e-01   9.8079099e-01   9.8852815e-01   9.9423932e-01   9.9768401e-01   9.9875526e-01   9.9747003e-01   9.9394782e-01   9.8838338e-01   9.8101891e-01   9.7211937e-01   9.6195273e-01   9.5077577e-01   9.3882493e-01   9.2631123e-01   9.1341829e-01   9.0030247e-01   8.8709424e-01   8.7390029e-01   8.6080591e-01   8.4787733e-01   8.3516398e-01   8.2270056e-01   8.1050885e-01   7.9859941e-01   7.8697312e-01   7.7562272e-01   7.6453427e-01   7.5368866e-01   7.4306322e-01   7.3263318e-01
   9.4371652e-03   1.2589083e-02   1.6243918e-02   2.0410360e-02   2.5096056e-02   3.0308122e-02   3.6053408e-02   4.2338624e-02   4.9170403e-02   5.6555305e-02   6.4499791e-02   7.3010171e-02   8.2092533e-02   9.1752652e-02   1.0199588e-01   1.1282701e-01   1.2425017e-01   1.3626861e-01   1.4888460e-01   1.6209918e-01   1.7591200e-01   1.9032114e-01   2.0532284e-01   2.2091137e-01   2.3707877e-01   2.5381470e-01   2.7110632e-01   2.8893811e-01   3.0729193e-01   3.2614699e-01   3.4548005e-01   3.6526572e-01   3.8547691e-01   4.0608554e-01   4.2706342e-01   4.4838348e-01   4.7002121e-01   4.9195636e-01   5.1417489e-01   5.3667089e-01   5.5944842e-01   5.8252254e-01   6.0591907e-01   6.2967169e-01   6.5381477e-01   6.7836951e-01   7.0332014e-01   7.2857685e-01   7.5392308e-01   7.7894882e-01   8.0298065e-01   8.2503464e-01   8.4383599e-01   8.5795536e-01   8.6608358e-01   8.6739249e-01   8.6184563e-01   8.5030649e-01   8.3438432e-01   8.1608932e-01   7.9744152e-01   7.8016593e-01   7.6554141e-01   7.5439292e-01   7.4716861e-01   7.4404121e-01   7.4499664e-01   7.4989592e-01   7.5851118e-01   7.7054116e-01   7.8561286e-01   8.0327505e-01   8.2298832e-01   8.4411646e-01   8.6592384e-01   8.8758434e-01   9.0820738e-01   9.2688591e-01   9.4276759e-01   9.5514416e-01   9.6354504e-01   9.6781273e-01   9.6813481e-01   9.6501556e-01   9.5918971e-01   9.5150291e-01   9.4279513e-01   9.3381406e-01   9.2516466e-01   9.1728470e-01   9.1043617e-01   9.0471069e-01   9.0005134e-01   8.9629010e-01   8.9319446e-01   8.9051452e-01   8.8802369e-01   8.8554874e-01   8.8298839e-01   8.8032081e-01   8.7760177e-01   8.7495503e-01   8.7255688e-01   8.7061662e-01   8.6935467e-01   8.6898032e-01   8.6967073e-01   8.7155303e-01   8.7469092e-01   8.7907686e-01   8.8463033e-01   8.9120210e-01   8.9858383e-01   9.0652174e-01   9.1473296e-01   9.2292276e-01   9.3080131e-01   9.3809857e-01   9.4457667e-01   9.5003906e-01   9.5433660e-01   9.5737070e-01   9.5909377e-01   9.5950755e-01   9.5865940e-01   9.5663706e-01   9.5356179e-01   9.4958034e-01   9.4485626e-01   9.3956135e-01   9.3386827e-01   9.2794506e-01   9.2195148e-01   9.1603689e-01   9.1033915e-01   9.0498438e-01   9.0008700e-01   8.9574830e-01   8.9205148e-01   8.8905178e-01   8.8676361e-01   8.8514900e-01   8.8411304e-01   8.8350991e-01   8.8315995e-01   8.8287469e-01   8.8248447e-01   8.8186306e-01   8.8094512e-01   8.7973441e-01   8.7830315e-01   8.7678420e-01   8.7535875e-01   8.7424153e-01   8.7366537e-01   8.7386578e-01   8.7506590e-01   8.7746167e-01   8.8120718e-01   8.8640030e-01   8.9306925e-01   9.0116127e-01   9.1053508e-01   9.2095901e-01   9.3211666e-01   9.4362094e-01   9.5503647e-01   9.6590834e-01   9.7579422e-01   9.8429560e-01   9.9108396e-01   9.9591893e-01   9.9865650e-01   9.9924765e-01   9.9772894e-01   9.9420771e-01   9.8884451e-01   9.8183535e-01   9.7339550e-01   9.6374601e-01   9.5310325e-01   9.4167146e-01   9.2963804e-01   9.1717096e-01   9.0441774e-01   8.9150566e-01   8.7854270e-01   8.6561883e-01   8.5280755e-01   8.4016748e-01   8.2774386e-01   8.1556992e-01   8.0366815e-01   7.9205148e-01   7.8072428e-01   7.6968341e-01
   9.2813516e-03   1.2365165e-02   1.5940107e-02   2.0015120e-02   2.4598159e-02   2.9696716e-02   3.5318094e-02   4.1469548e-02   4.8158354e-02   5.5391830e-02   6.3177326e-02   7.1522186e-02   8.0433702e-02   8.9919035e-02   9.9985135e-02   1.1063864e-01   1.2188575e-01   1.3373211e-01   1.4618266e-01   1.5924150e-01   1.7291168e-01   1.8719507e-01   2.0209215e-01   2.1760182e-01   2.3372126e-01   2.5044571e-01   2.6776834e-01   2.8568013e-01   3.0416977e-01   3.2322371e-01   3.4282614e-01   3.6295924e-01   3.8360341e-01   4.0473780e-01   4.2634082e-01   4.4839102e-01   4.7086795e-01   4.9375323e-01   5.1703157e-01   5.4069150e-01   5.6472563e-01   5.8912956e-01   6.1389890e-01   6.3902275e-01   6.6447222e-01   6.9018164e-01   7.1602038e-01   7.4175418e-01   7.6699778e-01   7.9116668e-01   8.1344594e-01   8.3280399e-01   8.4808374e-01   8.5818726e-01   8.6232784e-01   8.6027045e-01   8.5245895e-01   8.3996968e-01   8.2431134e-01   8.0715290e-01   7.9007083e-01   7.7437899e-01   7.6106011e-01   7.5077844e-01   7.4393576e-01   7.4073674e-01   7.4124428e-01   7.4541767e-01   7.5313409e-01   7.6419658e-01   7.7833245e-01   7.9518557e-01   8.1430577e-01   8.3513863e-01   8.5701960e-01   8.7917719e-01   9.0075088e-01   9.2082946e-01   9.3851362e-01   9.5300139e-01   9.6368678e-01   9.7025160e-01   9.7272339e-01   9.7147492e-01   9.6715723e-01   9.6058321e-01   9.5259902e-01   9.4397981e-01   9.3536614e-01   9.2723428e-01   9.1988679e-01   9.1345736e-01   9.0793128e-01   9.0318182e-01   8.9901694e-01   8.9522710e-01   8.9162656e-01   8.8808314e-01   8.8453561e-01   8.8099915e-01   8.7756118e-01   8.7436944e-01   8.7161465e-01   8.6950975e-01   8.6826767e-01   8.6807942e-01   8.6909445e-01   8.7140460e-01   8.7503314e-01   8.7992959e-01   8.8597066e-01   8.9296703e-01   9.0067505e-01   9.0881208e-01   9.1707382e-01   9.2515210e-01   9.3275151e-01   9.3960388e-01   9.4547965e-01   9.5019601e-01   9.5362166e-01   9.5567849e-01   9.5634061e-01   9.5563090e-01   9.5361564e-01   9.5039710e-01   9.4610476e-01   9.4088540e-01   9.3489336e-01   9.2828212e-01   9.2119852e-01   9.1377998e-01   9.0615466e-01   8.9844421e-01   8.9076927e-01   8.8325738e-01   8.7605151e-01   8.6931518e-01   8.6323009e-01   8.5798435e-01   8.5375265e-01   8.5067253e-01   8.4882174e-01   8.4820127e-01   8.4872789e-01   8.5023850e-01   8.5250709e-01   8.5527242e-01   8.5827218e-01   8.6127766e-01   8.6412306e-01   8.6672465e-01   8.6908807e-01   8.7130384e-01   8.7353345e-01   8.7598884e-01   8.7890817e-01   8.8253014e-01   8.8706869e-01   8.9268918e-01   8.9948762e-01   9.0747409e-01   9.1656224e-01   9.2656653e-01   9.3720857e-01   9.4813315e-01   9.5893278e-01   9.6917864e-01   9.7845379e-01   9.8638449e-01   9.9266555e-01   9.9707683e-01   9.9948995e-01   9.9986565e-01   9.9824393e-01   9.9472944e-01   9.8947487e-01   9.8266448e-01   9.7449939e-01   9.6518540e-01   9.5492368e-01   9.4390425e-01   9.3230177e-01   9.2027321e-01   9.0795706e-01   8.9547335e-01   8.8292451e-01   8.7039643e-01   8.5795977e-01   8.4567133e-01   8.3357528e-01   8.2170441e-01   8.1008120e-01   7.9871878e-01   7.8762197e-01   7.7678807e-01
   9.1630531e-03   1.2201736e-02   1.5724285e-02   1.9739844e-02   2.4256614e-02   2.9282390e-02   3.4824834e-02   4.0891623e-02   4.7490525e-02   5.4629427e-02   6.2316334e-02   7.0559341e-02   7.9366590e-02   8.8746211e-02   9.8706246e-02   1.0925456e-01   1.2039873e-01   1.3214594e-01   1.4450283e-01   1.5747537e-01   1.7106870e-01   1.8528693e-01   2.0013301e-01   2.1560848e-01   2.3171336e-01   2.4844590e-01   2.6580244e-01   2.8377723e-01   3.0236237e-01   3.2154769e-01   3.4132076e-01   3.6166703e-01   3.8256996e-01   4.0401146e-01   4.2597228e-01   4.4843276e-01   4.7137362e-01   4.9477684e-01   5.1862662e-01   5.4291000e-01   5.6761693e-01   5.9273904e-01   6.1826613e-01   6.4417892e-01   6.7043591e-01   6.9695175e-01   7.2356440e-01   7.4998963e-01   7.7576517e-01   8.0019531e-01   8.2231988e-01   8.4094564e-01   8.5478003e-01   8.6267949e-01   8.6396001e-01   8.5865158e-01   8.4757301e-01   8.3218477e-01   8.1428602e-01   7.9567933e-01   7.7791448e-01   7.6216506e-01   7.4922509e-01   7.3957536e-01   7.3346873e-01   7.3100431e-01   7.3217939e-01   7.3691976e-01   7.4509296e-01   7.5650956e-01   7.7091666e-01   7.8798675e-01   8.0730443e-01   8.2835383e-01   8.5051018e-01   8.7304019e-01   8.9511757e-01   9.1586024e-01   9.3439412e-01   9.4994254e-01   9.6192971e-01   9.7007427e-01   9.7444102e-01   9.7542442e-01   9.7365981e-01   9.6988913e-01   9.6482722e-01   9.5906914e-01   9.5305136e-01   9.4705386e-01   9.4122254e-01   9.3559948e-01   9.3015706e-01   9.2483380e-01   9.1956796e-01   9.1432467e-01   9.0911371e-01   9.0399730e-01   8.9908890e-01   8.9454493e-01   8.9055147e-01   8.8730775e-01   8.8500831e-01   8.8382524e-01   8.8389206e-01   8.8529035e-01   8.8804011e-01   8.9209480e-01   8.9734110e-01   9.0360374e-01   9.1065452e-01   9.1822498e-01   9.2602129e-01   9.3374023e-01   9.4108480e-01   9.4777843e-01   9.5357678e-01   9.5827683e-01   9.6172279e-01   9.6380920e-01   9.6448118e-01   9.6373251e-01   9.6160156e-01   9.5816561e-01   9.5353360e-01   9.4783783e-01   9.4122489e-01   9.3384682e-01   9.2585328e-01   9.1738579e-01   9.0857452e-01   8.9953783e-01   8.9038484e-01   8.8122125e-01   8.7215814e-01   8.6332231e-01   8.5486487e-01   8.4696463e-01   8.3982395e-01   8.3365657e-01   8.2866943e-01   8.2504094e-01   8.2289877e-01   8.2230010e-01   8.2321720e-01   8.2553153e-01   8.2903877e-01   8.3346571e-01   8.3849806e-01   8.4381548e-01   8.4912860e-01   8.5421195e-01   8.5892783e-01   8.6323799e-01   8.6720246e-01   8.7096701e-01   8.7474184e-01   8.7877487e-01   8.8332232e-01   8.8861921e-01   8.9485172e-01   9.0213321e-01   9.1048579e-01   9.1982936e-01   9.2997963e-01   9.4065658e-01   9.5150300e-01   9.6211189e-01   9.7205936e-01   9.8093900e-01   9.8839302e-01   9.9413632e-01   9.9797108e-01   9.9979122e-01   9.9957786e-01   9.9738807e-01   9.9333945e-01   9.8759349e-01   9.8033933e-01   9.7177972e-01   9.6211957e-01   9.5155737e-01   9.4027930e-01   9.2845558e-01   9.1623852e-01   9.0376197e-01   8.9114163e-01   8.7847585e-01   8.6584687e-01   8.5332210e-01   8.4095541e-01   8.2878841e-01   8.1685160e-01   8.0516543e-01   7.9374126e-01   7.8258226e-01
   9.3295345e-03   1.2438649e-02   1.6043722e-02   2.0153681e-02   2.4776464e-02   2.9919535e-02   3.5590155e-02   4.1795519e-02   4.8542816e-02   5.5839246e-02   6.3691999e-02   7.2108213e-02   8.1094906e-02   9.0658897e-02   1.0080670e-01   1.1154441e-01   1.2287757e-01   1.3481100e-01   1.4734865e-01   1.6049344e-01   1.7424698e-01   1.8860943e-01   2.0357926e-01   2.1915301e-01   2.3532505e-01   2.5208737e-01   2.6942937e-01   2.8733766e-01   3.0579593e-01   3.2478489e-01   3.4428224e-01   3.6426282e-01   3.8469886e-01   4.0556042e-01   4.2681601e-01   4.4843347e-01   4.7038108e-01   4.9262892e-01   5.1515044e-01   5.3792406e-01   5.6093479e-01   5.8417522e-01   6.0764562e-01   6.3135208e-01   6.5530143e-01   6.7949122e-01   7.0389253e-01   7.2842310e-01   7.5290930e-01   7.7703743e-01   8.0030114e-01   8.2196062e-01   8.4104160e-01   8.5640891e-01   8.6693890e-01   8.7177539e-01   8.7059592e-01   8.6377895e-01   8.5239154e-01   8.3799999e-01   8.2238043e-01   8.0723064e-01   7.9396231e-01   7.8360664e-01   7.7681690e-01   7.7392602e-01   7.7501862e-01   7.7999321e-01   7.8860606e-01   8.0049704e-01   8.1520216e-01   8.3215846e-01   8.5070683e-01   8.7009832e-01   8.8950921e-01   9.0806973e-01   9.2491007e-01   9.3922411e-01   9.5034656e-01   9.5783240e-01   9.6152104e-01   9.6156575e-01   9.5841370e-01   9.5273602e-01   9.4532406e-01   9.3697962e-01   9.2842450e-01   9.2024102e-01   9.1284131e-01   9.0645794e-01   9.0115187e-01   8.9683696e-01   8.9331886e-01   8.9034238e-01   8.8763955e-01   8.8497107e-01   8.8215713e-01   8.7909613e-01   8.7577181e-01   8.7225066e-01   8.6867152e-01   8.6522963e-01   8.6215690e-01   8.5970038e-01   8.5810039e-01   8.5756992e-01   8.5827675e-01   8.6032921e-01   8.6376675e-01   8.6855562e-01   8.7459002e-01   8.8169820e-01   8.8965295e-01   8.9818534e-01   9.0700049e-01   9.1579395e-01   9.2426754e-01   9.3214356e-01   9.3917656e-01   9.4516244e-01   9.4994453e-01   9.5341701e-01   9.5552567e-01   9.5626654e-01   9.5568234e-01   9.5385717e-01   9.5090937e-01   9.4698290e-01   9.4223785e-01   9.3684118e-01   9.3095897e-01   9.2475111e-01   9.1836876e-01   9.1195401e-01   9.0564126e-01   8.9956020e-01   8.9383976e-01   8.8861111e-01   8.8400630e-01   8.8015019e-01   8.7714551e-01   8.7505503e-01   8.7388593e-01   8.7358187e-01   8.7402564e-01   8.7505290e-01   8.7647493e-01   8.7810609e-01   8.7979131e-01   8.8142864e-01   8.8298352e-01   8.8449328e-01   8.8606227e-01   8.8784915e-01   8.9004866e-01   8.9286989e-01   8.9651292e-01   9.0114523e-01   9.0687948e-01   9.1375410e-01   9.2171873e-01   9.3062665e-01   9.4023605e-01   9.5022155e-01   9.6019558e-01   9.6973782e-01   9.7842901e-01   9.8588448e-01   9.9178272e-01   9.9588526e-01   9.9804626e-01   9.9821180e-01   9.9641086e-01   9.9274075e-01   9.8734979e-01   9.8042003e-01   9.7215160e-01   9.6274976e-01   9.5241509e-01   9.4133663e-01   9.2968752e-01   9.1762271e-01   9.0527823e-01   8.9277140e-01   8.8020181e-01   8.6765257e-01   8.5519178e-01   8.4287400e-01   8.3074165e-01   8.1882631e-01   8.0714990e-01   7.9572576e-01   7.8455961e-01   7.7365052e-01   7.6299180e-01   7.5257191e-01
   9.4232337e-03   1.2572703e-02   1.6224805e-02   2.0388116e-02   2.5070164e-02   3.0277938e-02   3.6018158e-02   4.2297404e-02   4.9122173e-02   5.6498890e-02   6.4433883e-02   7.2933339e-02   8.2003232e-02   9.1649239e-02   1.0187664e-01   1.1269020e-01   1.2409403e-01   1.3609145e-01   1.4868485e-01   1.6187548e-01   1.7566331e-01   1.9004682e-01   2.0502283e-01   2.2058633e-01   2.3673029e-01   2.5344553e-01   2.7072057e-01   2.8854162e-01   3.0689252e-01   3.2575485e-01   3.4510815e-01   3.6493021e-01   3.8519759e-01   4.0588635e-01   4.2697296e-01   4.4843547e-01   4.7025500e-01   4.9241733e-01   5.1491473e-01   5.3774771e-01   5.6092642e-01   5.8447112e-01   6.0841089e-01   6.3277914e-01   6.5760395e-01   6.8289023e-01   7.0859043e-01   7.3456000e-01   7.6049616e-01   7.8586414e-01   8.0982780e-01   8.3122014e-01   8.4860705e-01   8.6049343e-01   8.6566911e-01   8.6359637e-01   8.5466659e-01   8.4018815e-01   8.2210504e-01   8.0257579e-01   7.8357978e-01   7.6667084e-01   7.5290677e-01   7.4290588e-01   7.3695658e-01   7.3512498e-01   7.3733563e-01   7.4342133e-01   7.5314724e-01   7.6621665e-01   7.8226480e-01   8.0084602e-01   8.2141869e-01   8.4333257e-01   8.6582390e-01   8.8802491e-01   9.0899478e-01   9.2777800e-01   9.4349103e-01   9.5542925e-01   9.6317385e-01   9.6666829e-01   9.6623397e-01   9.6251085e-01   9.5633719e-01   9.4860803e-01   9.4015577e-01   9.3167516e-01   9.2368790e-01   9.1653128e-01   9.1036234e-01   9.0517815e-01   9.0085236e-01   8.9718264e-01   8.9393997e-01   8.9091167e-01   8.8793344e-01   8.8490918e-01   8.8181924e-01   8.7871892e-01   8.7572930e-01   8.7302217e-01   8.7080112e-01   8.6928045e-01   8.6866377e-01   8.6912390e-01   8.7078569e-01   8.7371317e-01   8.7790191e-01   8.8327705e-01   8.8969711e-01   8.9696269e-01   9.0482924e-01   9.1302227e-01   9.2125379e-01   9.2923822e-01   9.3670691e-01   9.4342022e-01   9.4917680e-01   9.5381993e-01   9.5724098e-01   9.5938046e-01   9.6022686e-01   9.5981361e-01   9.5821445e-01   9.5553735e-01   9.5191718e-01   9.4750764e-01   9.4247315e-01   9.3698169e-01   9.3119921e-01   9.2528601e-01   9.1939474e-01   9.1366974e-01   9.0824734e-01   9.0325645e-01   8.9881765e-01   8.9503857e-01   8.9200381e-01   8.8976069e-01   8.8830494e-01   8.8757201e-01   8.8743877e-01   8.8773746e-01   8.8827990e-01   8.8888681e-01   8.8941633e-01   8.8978590e-01   8.8998434e-01   8.9007327e-01   8.9017935e-01   8.9047988e-01   8.9118439e-01   8.9251456e-01   8.9468380e-01   8.9787739e-01   9.0223388e-01   9.0782825e-01   9.1465808e-01   9.2263399e-01   9.3157618e-01   9.4121854e-01   9.5122128e-01   9.6119188e-01   9.7071259e-01   9.7937142e-01   9.8679253e-01   9.9266215e-01   9.9674674e-01   9.9890185e-01   9.9907171e-01   9.9728113e-01   9.9362199e-01   9.8823718e-01   9.8130405e-01   9.7301927e-01   9.6358614e-01   9.5320470e-01   9.4206465e-01   9.3034074e-01   9.1819024e-01   9.0575184e-01   8.9314572e-01   8.8047431e-01   8.6782343e-01   8.5526364e-01   8.4285170e-01   8.3063184e-01   8.1863712e-01   8.0689050e-01   7.9540594e-01   7.8418935e-01   7.7323950e-01   7.6254895e-01   7.5210494e-01   7.4189039e-01
   9.1307930e-03   1.2145467e-02   1.5639093e-02   1.9620993e-02   2.4099559e-02   2.9082789e-02   3.4578574e-02   4.0594850e-02   4.7139681e-02   5.4221287e-02   6.1848053e-02   7.0028505e-02   7.8771274e-02   8.8085040e-02   9.7978461e-02   1.0846009e-01   1.1953829e-01   1.3122109e-01   1.4351609e-01   1.5643033e-01   1.6997009e-01   1.8414079e-01   1.9894677e-01   2.1439118e-01   2.3047571e-01   2.4720054e-01   2.6456411e-01   2.8256306e-01   3.0119213e-01   3.2044420e-01   3.4031039e-01   3.6078026e-01   3.8184227e-01   4.0348431e-01   4.2569456e-01   4.4846259e-01   4.7178067e-01   4.9564534e-01   5.2005894e-01   5.4503098e-01   5.7057847e-01   5.9672435e-01   6.2349210e-01   6.5089363e-01   6.7890632e-01   7.0743367e-01   7.3624374e-01   7.6488326e-01   7.9257590e-01   8.1813725e-01   8.3997225e-01   8.5624278e-01   8.6525481e-01   8.6598429e-01   8.5850415e-01   8.4406099e-01   8.2474531e-01   8.0293669e-01   7.8078883e-01   7.5993405e-01   7.4143047e-01   7.2586371e-01   7.1349668e-01   7.0440137e-01   6.9855078e-01   6.9587303e-01   6.9627840e-01   6.9966895e-01   7.0593844e-01   7.1496684e-01   7.2661223e-01   7.4070143e-01   7.5701989e-01   7.7530142e-01   7.9521818e-01   8.1637183e-01   8.3828756e-01   8.6041353e-01   8.8212940e-01   9.0276799e-01   9.2165385e-01   9.3815928e-01   9.5177353e-01   9.6217274e-01   9.6927225e-01   9.7324149e-01   9.7447023e-01   9.7349113e-01   9.7088118e-01   9.6717204e-01   9.6279278e-01   9.5805113e-01   9.5314380e-01   9.4818049e-01   9.4321081e-01   9.3824966e-01   9.3330032e-01   9.2837472e-01   9.2350939e-01   9.1877557e-01   9.1428243e-01   9.1017368e-01   9.0661799e-01   9.0379486e-01   9.0187757e-01   9.0101503e-01   9.0131487e-01   9.0282943e-01   9.0554651e-01   9.0938584e-01   9.1420174e-01   9.1979156e-01   9.2590873e-01   9.3227900e-01   9.3861776e-01   9.4464707e-01   9.5011052e-01   9.5478540e-01   9.5849129e-01   9.6109540e-01   9.6251475e-01   9.6271563e-01   9.6171101e-01   9.5955609e-01   9.5634248e-01   9.5219125e-01   9.4724506e-01   9.4166016e-01   9.3559868e-01   9.2922230e-01   9.2268753e-01   9.1614275e-01   9.0972699e-01   9.0357008e-01   8.9779431e-01   8.9251620e-01   8.8784649e-01   8.8388555e-01   8.8071273e-01   8.7837119e-01   8.7685222e-01   8.7608442e-01   8.7593234e-01   8.7620640e-01   8.7668343e-01   8.7713373e-01   8.7734986e-01   8.7717174e-01   8.7650443e-01   8.7532679e-01   8.7369169e-01   8.7171926e-01   8.6958593e-01   8.6751125e-01   8.6574400e-01   8.6454856e-01   8.6419139e-01   8.6492744e-01   8.6698584e-01   8.7055452e-01   8.7576381e-01   8.8266954e-01   8.9123725e-01   9.0132969e-01   9.1270063e-01   9.2499783e-01   9.3777730e-01   9.5052947e-01   9.6271508e-01   9.7380688e-01   9.8333087e-01   9.9090121e-01   9.9624369e-01   9.9920556e-01   9.9975198e-01   9.9795171e-01   9.9395603e-01   9.8797498e-01   9.8025423e-01   9.7105495e-01   9.6063783e-01   9.4925144e-01   9.3712473e-01   9.2446272e-01   9.1144475e-01   8.9822455e-01   8.8493138e-01   8.7167181e-01   8.5853181e-01   8.4557886e-01   8.3286398e-01   8.2042357e-01   8.0828104e-01   7.9644834e-01   7.8492726e-01   7.7371074e-01
   9.1125737e-03   1.2121104e-02   1.5607978e-02   1.9582714e-02   2.4053933e-02   2.9029894e-02   3.4518778e-02   4.0528842e-02   4.7068496e-02   5.4146336e-02   6.1771146e-02   6.9951874e-02   7.8697586e-02   8.8017408e-02   9.7920446e-02   1.0841570e-01   1.1951192e-01   1.3121754e-01   1.4354047e-01   1.5648794e-01   1.7006636e-01   1.8428105e-01   1.9913607e-01   2.1463396e-01   2.3077549e-01   2.4755941e-01   2.6498216e-01   2.8303764e-01   3.0171700e-01   3.2100839e-01   3.4089686e-01   3.6136428e-01   3.8238943e-01   4.0394819e-01   4.2601390e-01   4.4855800e-01   4.7155088e-01   4.9496287e-01   5.1876558e-01   5.4293319e-01   5.6744352e-01   5.9227851e-01   6.1742327e-01   6.4286237e-01   6.6857190e-01   6.9450456e-01   7.2056512e-01   7.4657353e-01   7.7221502e-01   7.9698200e-01   8.2012277e-01   8.4062648e-01   8.5728509e-01   8.6886619e-01   8.7438871e-01   8.7342408e-01   8.6629607e-01   8.5408026e-01   8.3840110e-01   8.2111503e-01   8.0399775e-01   7.8852600e-01   7.7578677e-01   7.6648983e-01   7.6103384e-01   7.5958278e-01   7.6212887e-01   7.6853473e-01   7.7855637e-01   7.9185186e-01   8.0798078e-01   8.2639932e-01   8.4645586e-01   8.6739163e-01   8.8835237e-01   9.0841654e-01   9.2664508e-01   9.4215476e-01   9.5421011e-01   9.6232038e-01   9.6631811e-01   9.6639279e-01   9.6306107e-01   9.5707525e-01   9.4929612e-01   9.4056849e-01   9.3162927e-01   9.2305496e-01   9.1523905e-01   9.0838901e-01   9.0254013e-01   8.9758668e-01   8.9332692e-01   8.8951377e-01   8.8590222e-01   8.8228713e-01   8.7852876e-01   8.7456611e-01   8.7041960e-01   8.6618549e-01   8.6202390e-01   8.5814255e-01   8.5477775e-01   8.5217427e-01   8.5056523e-01   8.5015345e-01   8.5109533e-01   8.5348806e-01   8.5736127e-01   8.6267323e-01   8.6931194e-01   8.7710089e-01   8.8580874e-01   8.9516222e-01   9.0486100e-01   9.1459342e-01   9.2405193e-01   9.3294724e-01   9.4102042e-01   9.4805262e-01   9.5387198e-01   9.5835799e-01   9.6144327e-01   9.6311314e-01   9.6340293e-01   9.6239332e-01   9.6020365e-01   9.5698341e-01   9.5290243e-01   9.4814072e-01   9.4287933e-01   9.3729327e-01   9.3154707e-01   9.2579271e-01   9.2016940e-01   9.1480520e-01   9.0982015e-01   9.0532944e-01   9.0144406e-01   8.9826633e-01   8.9588010e-01   8.9433827e-01   8.9365182e-01   8.9378485e-01   8.9465766e-01   8.9615814e-01   8.9815936e-01   9.0054007e-01   9.0320437e-01   9.0609701e-01   9.0921157e-01   9.1259038e-01   9.1631593e-01   9.2049514e-01   9.2523812e-01   9.3063433e-01   9.3672884e-01   9.4350214e-01   9.5085675e-01   9.5861333e-01   9.6651787e-01   9.7425971e-01   9.8149817e-01   9.8789340e-01   9.9313676e-01   9.9697580e-01   9.9923063e-01   9.9980059e-01   9.9866166e-01   9.9585718e-01   9.9148418e-01   9.8567833e-01   9.7859946e-01   9.7041892e-01   9.6130953e-01   9.5143822e-01   9.4096100e-01   9.3002003e-01   9.1874215e-01   9.0723849e-01   8.9560493e-01   8.8392283e-01   8.7226012e-01   8.6067243e-01   8.4920417e-01   8.3788959e-01   8.2675378e-01   8.1581350e-01   8.0507808e-01   7.9455019e-01   7.8422665e-01   7.7409928e-01   7.6415579e-01   7.5438071e-01   7.4475636e-01   7.3526391e-01
   9.3639259e-03   1.2483793e-02   1.6100953e-02   2.0224219e-02   2.4861394e-02   3.0019792e-02   3.5706507e-02   4.1928553e-02   4.8692928e-02   5.6006625e-02   6.3876622e-02   7.2309836e-02   8.1313061e-02   9.0892887e-02   1.0105561e-01   1.1180710e-01   1.2315269e-01   1.3509703e-01   1.4764390e-01   1.6079604e-01   1.7455499e-01   1.8892082e-01   2.0389197e-01   2.1946499e-01   2.3563429e-01   2.5239198e-01   2.6972755e-01   2.8762777e-01   3.0607646e-01   3.2505440e-01   3.4453928e-01   3.6450573e-01   3.8492552e-01   4.0576784e-01   4.2699975e-01   4.4858690e-01   4.7049436e-01   4.9268770e-01   5.1513423e-01   5.3780431e-01   5.6067260e-01   5.8371892e-01   6.0692839e-01   6.3029005e-01   6.5379317e-01   6.7741987e-01   7.0113261e-01   7.2485475e-01   7.4844316e-01   7.7165296e-01   7.9409816e-01   8.1521741e-01   8.3426137e-01   8.5032425e-01   8.6243980e-01   8.6974493e-01   8.7168059e-01   8.6816711e-01   8.5968519e-01   8.4722801e-01   8.3214360e-01   8.1592271e-01   7.9999408e-01   7.8557447e-01   7.7359389e-01   7.6468824e-01   7.5923395e-01   7.5739810e-01   7.5918606e-01   7.6447853e-01   7.7305624e-01   7.8461435e-01   7.9876931e-01   8.1506149e-01   8.3295666e-01   8.5184953e-01   8.7107254e-01   8.8991340e-01   9.0764438e-01   9.2356513e-01   9.3705818e-01   9.4765159e-01   9.5507825e-01   9.5931683e-01   9.6059917e-01   9.5937540e-01   9.5624010e-01   9.5183652e-01   9.4676374e-01   9.4150836e-01   9.3641098e-01   9.3166446e-01   9.2733388e-01   9.2338818e-01   9.1973642e-01   9.1626413e-01   9.1286613e-01   9.0947254e-01   9.0606601e-01   9.0268902e-01   8.9944196e-01   8.9647332e-01   8.9396389e-01   8.9210729e-01   8.9108886e-01   8.9106538e-01   8.9214733e-01   8.9438556e-01   8.9776349e-01   9.0219552e-01   9.0753140e-01   9.1356603e-01   9.2005321e-01   9.2672191e-01   9.3329309e-01   9.3949589e-01   9.4508154e-01   9.4983454e-01   9.5358058e-01   9.5619120e-01   9.5758565e-01   9.5773012e-01   9.5663511e-01   9.5435093e-01   9.5096202e-01   9.4658006e-01   9.4133642e-01   9.3537427e-01   9.2884144e-01   9.2188460e-01   9.1464541e-01   9.0725901e-01   8.9985443e-01   8.9255708e-01   8.8549304e-01   8.7879427e-01   8.7260254e-01   8.6706871e-01   8.6234477e-01   8.5856796e-01   8.5583955e-01   8.5420275e-01   8.5362522e-01   8.5399120e-01   8.5510621e-01   8.5671526e-01   8.5853188e-01   8.6027339e-01   8.6169572e-01   8.6262200e-01   8.6296065e-01   8.6271188e-01   8.6196366e-01   8.6088002e-01   8.5968495e-01   8.5864442e-01   8.5804826e-01   8.5819267e-01   8.5936320e-01   8.6181769e-01   8.6576881e-01   8.7136586e-01   8.7867660e-01   8.8767047e-01   8.9820563e-01   9.1002300e-01   9.2275026e-01   9.3591826e-01   9.4899002e-01   9.6140026e-01   9.7260044e-01   9.8210286e-01   9.8951712e-01   9.9457381e-01   9.9713305e-01   9.9717883e-01   9.9480210e-01   9.9017722e-01   9.8353613e-01   9.7514380e-01   9.6527727e-01   9.5420946e-01   9.4219767e-01   9.2947641e-01   9.1625364e-01   9.0270959e-01   8.8899734e-01   8.7524438e-01   8.6155490e-01   8.4801212e-01   8.3468075e-01   8.2160920e-01   8.0883161e-01   7.9636966e-01   7.8423417e-01   7.7242654e-01
   9.2140265e-03   1.2270580e-02   1.5813730e-02   1.9852570e-02   2.4395242e-02   2.9449455e-02   3.5022764e-02   4.1122716e-02   4.7756921e-02   5.4933082e-02   6.2658989e-02   7.0942489e-02   7.9791441e-02   8.9213650e-02   9.9216787e-02   1.0980830e-01   1.2099529e-01   1.3278440e-01   1.4518171e-01   1.5819250e-01   1.7182120e-01   1.8607113e-01   2.0094435e-01   2.1644150e-01   2.3256160e-01   2.4930185e-01   2.6665752e-01   2.8462179e-01   3.0318570e-01   3.2233809e-01   3.4206568e-01   3.6235329e-01   3.8318407e-01   4.0454007e-01   4.2640282e-01   4.4875430e-01   4.7157794e-01   4.9485993e-01   5.1859044e-01   5.4276478e-01   5.6738386e-01   5.9245344e-01   6.1798092e-01   6.4396796e-01   6.7039658e-01   6.9720535e-01   7.2425231e-01   7.5126230e-01   7.7776107e-01   8.0300881e-01   8.2596309e-01   8.4531938e-01   8.5967938e-01   8.6785756e-01   8.6924852e-01   8.6409652e-01   8.5352155e-01   8.3928082e-01   8.2338050e-01   8.0770007e-01   7.9374791e-01   7.8258024e-01   7.7484127e-01   7.7085658e-01   7.7072728e-01   7.7440037e-01   7.8171072e-01   7.9239955e-01   8.0611705e-01   8.2241595e-01   8.4074239e-01   8.6042979e-01   8.8070144e-01   9.0068759e-01   9.1946248e-01   9.3610408e-01   9.4977518e-01   9.5981683e-01   9.6583683e-01   9.6777044e-01   9.6589193e-01   9.6076813e-01   9.5316467e-01   9.4393302e-01   9.3390902e-01   9.2383992e-01   9.1433802e-01   9.0585194e-01   8.9865099e-01   8.9282613e-01   8.8831041e-01   8.8491646e-01   8.8238335e-01   8.8042390e-01   8.7876593e-01   8.7718376e-01   8.7551899e-01   8.7369113e-01   8.7169946e-01   8.6961746e-01   8.6758154e-01   8.6577539e-01   8.6441132e-01   8.6371007e-01   8.6388051e-01   8.6510056e-01   8.6750071e-01   8.7115138e-01   8.7605494e-01   8.8214307e-01   8.8927943e-01   8.9726726e-01   9.0586114e-01   9.1478167e-01   9.2373168e-01   9.3241260e-01   9.4053975e-01   9.4785556e-01   9.5413999e-01   9.5921810e-01   9.6296448e-01   9.6530499e-01   9.6621602e-01   9.6572169e-01   9.6388921e-01   9.6082263e-01   9.5665531e-01   9.5154139e-01   9.4564703e-01   9.3914220e-01   9.3219409e-01   9.2496267e-01   9.1759857e-01   9.1024320e-01   9.0303111e-01   8.9609438e-01   8.8956820e-01   8.8359497e-01   8.7832402e-01   8.7390424e-01   8.7046961e-01   8.6812035e-01   8.6690406e-01   8.6680180e-01   8.6772317e-01   8.6951266e-01   8.7196719e-01   8.7486247e-01   8.7798361e-01   8.8115458e-01   8.8426132e-01   8.8726496e-01   8.9020381e-01   8.9318475e-01   8.9636626e-01   8.9993565e-01   9.0408337e-01   9.0897697e-01   9.1473675e-01   9.2141527e-01   9.2898270e-01   9.3731982e-01   9.4621993e-01   9.5540031e-01   9.6452239e-01   9.7321847e-01   9.8112151e-01   9.8789416e-01   9.9325298e-01   9.9698536e-01   9.9895767e-01   9.9911501e-01   9.9747411e-01   9.9411159e-01   9.8914993e-01   9.8274306e-01   9.7506324e-01   9.6628991e-01   9.5660101e-01   9.4616663e-01   9.3514482e-01   9.2367908e-01   9.1189724e-01   8.9991127e-01   8.8781774e-01   8.7569867e-01   8.6362260e-01   8.5164570e-01   8.3981291e-01   8.2815901e-01   8.1670960e-01   8.0548203e-01   7.9448622e-01   7.8372547e-01   7.7319725e-01   7.6289401e-01
   9.2100195e-03   1.2259119e-02   1.5792893e-02   1.9820400e-02   2.4349741e-02   2.9388580e-02   3.4944430e-02   4.1024801e-02   4.7637275e-02   5.4789537e-02   6.2489379e-02   7.0744669e-02   7.9563320e-02   8.8953228e-02   9.8922201e-02   1.0947788e-01   1.2062764e-01   1.3237848e-01   1.4473690e-01   1.5770878e-01   1.7129923e-01   1.8551243e-01   2.0035150e-01   2.1581832e-01   2.3191338e-01   2.4863561e-01   2.6598230e-01   2.8394892e-01   3.0252910e-01   3.2171462e-01   3.4149539e-01   3.6185966e-01   3.8279419e-01   4.0428464e-01   4.2631599e-01   4.4887315e-01   4.7194154e-01   4.9550774e-01   5.1955987e-01   5.4408750e-01   5.6908053e-01   5.9452644e-01   6.2040459e-01   6.4667612e-01   6.7326758e-01   7.0004592e-01   7.2678357e-01   7.5311421e-01   7.7848530e-01   8.0212215e-01   8.2302937e-01   8.4006227e-01   8.5209078e-01   8.5824149e-01   8.5814864e-01   8.5211062e-01   8.4107623e-01   8.2646469e-01   8.0989629e-01   7.9293124e-01   7.7688805e-01   7.6276619e-01   7.5125439e-01   7.4278595e-01   7.3760541e-01   7.3582541e-01   7.3746621e-01   7.4247819e-01   7.5075056e-01   7.6211045e-01   7.7631553e-01   7.9304303e-01   8.1187772e-01   8.3230153e-01   8.5368838e-01   8.7530854e-01   8.9634781e-01   9.1594665e-01   9.3326229e-01   9.4755168e-01   9.5826485e-01   9.6512877e-01   9.6819634e-01   9.6783854e-01   9.6467456e-01   9.5945753e-01   9.5295118e-01   9.4583214e-01   9.3863436e-01   9.3173089e-01   9.2533910e-01   9.1953924e-01   9.1430287e-01   9.0952906e-01   9.0508401e-01   9.0083831e-01   8.9669653e-01   8.9261662e-01   8.8861856e-01   8.8478336e-01   8.8124437e-01   8.7817282e-01   8.7575980e-01   8.7419650e-01   8.7365452e-01   8.7426819e-01   8.7611996e-01   8.7923041e-01   8.8355338e-01   8.8897657e-01   8.9532740e-01   9.0238318e-01   9.0988471e-01   9.1755158e-01   9.2509812e-01   9.3224833e-01   9.3874904e-01   9.4438045e-01   9.4896374e-01   9.5236586e-01   9.5450143e-01   9.5533246e-01   9.5486580e-01   9.5314894e-01   9.5026418e-01   9.4632151e-01   9.4145052e-01   9.3579198e-01   9.2949017e-01   9.2268686e-01   9.1551776e-01   9.0811146e-01   9.0059097e-01   8.9307741e-01   8.8569604e-01   8.7858329e-01   8.7189228e-01   8.6579320e-01   8.6046578e-01   8.5608344e-01   8.5279150e-01   8.5068368e-01   8.4978167e-01   8.5002223e-01   8.5125536e-01   8.5325570e-01   8.5574647e-01   8.5843296e-01   8.6103985e-01   8.6334551e-01   8.6520776e-01   8.6657756e-01   8.6750024e-01   8.6810621e-01   8.6859428e-01   8.6921092e-01   8.7022807e-01   8.7192099e-01   8.7454717e-01   8.7832628e-01   8.8342161e-01   8.8992324e-01   8.9783397e-01   9.0705955e-01   9.1740503e-01   9.2857914e-01   9.4020772e-01   9.5185643e-01   9.6306078e-01   9.7336037e-01   9.8233298e-01   9.8962389e-01   9.9496685e-01   9.9819477e-01   9.9923990e-01   9.9812517e-01   9.9494937e-01   9.8986909e-01   9.8308014e-01   9.7480044e-01   9.6525554e-01   9.5466744e-01   9.4324655e-01   9.3118647e-01   9.1866111e-01   9.0582353e-01   8.9280603e-01   8.7972101e-01   8.6666237e-01   8.5370700e-01   8.4091646e-01   8.2833847e-01   8.1600838e-01   8.0395045e-01   7.9217903e-01   7.8069966e-01
   9.1953989e-03   1.2235239e-02   1.5757765e-02   1.9771977e-02   2.4285903e-02   2.9307132e-02   3.4843096e-02   4.0901223e-02   4.7489014e-02   5.4614082e-02   6.2284155e-02   7.0507059e-02   7.9290684e-02   8.8642937e-02   9.8571678e-02   1.0908465e-01   1.2018940e-01   1.3189318e-01   1.4420283e-01   1.5712471e-01   1.7066455e-01   1.8482734e-01   1.9961719e-01   2.1503728e-01   2.3108968e-01   2.4777529e-01   2.6509382e-01   2.8304372e-01   3.0162224e-01   3.2082556e-01   3.4064895e-01   3.6108715e-01   3.8213479e-01   4.0378700e-01   4.2604022e-01   4.4889307e-01   4.7234738e-01   4.9640910e-01   5.2108897e-01   5.4640227e-01   5.7236712e-01   5.9899978e-01   6.2630512e-01   6.5425928e-01   6.8278083e-01   7.1168636e-01   7.4062818e-01   7.6901779e-01   7.9595260e-01   8.2018478e-01   8.4019222e-01   8.5440723e-01   8.6159567e-01   8.6126621e-01   8.5390868e-01   8.4092014e-01   8.2425253e-01   8.0595731e-01   7.8781390e-01   7.7114184e-01   7.5678893e-01   7.4522328e-01   7.3665356e-01   7.3113239e-01   7.2862775e-01   7.2906460e-01   7.3234450e-01   7.3835100e-01   7.4694668e-01   7.5796582e-01   7.7120499e-01   7.8641345e-01   8.0328425e-01   8.2144739e-01   8.4046649e-01   8.5984065e-01   8.7901383e-01   8.9739390e-01   9.1438326e-01   9.2942089e-01   9.4203324e-01   9.5188704e-01   9.5883355e-01   9.6293192e-01   9.6444172e-01   9.6378204e-01   9.6146482e-01   9.5801838e-01   9.5392015e-01   9.4955192e-01   9.4518170e-01   9.4096735e-01   9.3697385e-01   9.3319729e-01   9.2959095e-01   9.2609135e-01   9.2264176e-01   9.1921157e-01   9.1580945e-01   9.1248973e-01   9.0935161e-01   9.0653200e-01   9.0419309e-01   9.0250606e-01   9.0163294e-01   9.0170837e-01   9.0282320e-01   9.0501201e-01   9.0824550e-01   9.1242900e-01   9.1740686e-01   9.2297222e-01   9.2888088e-01   9.3486744e-01   9.4066212e-01   9.4600646e-01   9.5066674e-01   9.5444423e-01   9.5718213e-01   9.5876909e-01   9.5913992e-01   9.5827379e-01   9.5619052e-01   9.5294536e-01   9.4862263e-01   9.4332849e-01   9.3718323e-01   9.3031380e-01   9.2284713e-01   9.1490509e-01   9.0660152e-01   8.9804150e-01   8.8932312e-01   8.8054197e-01   8.7179853e-01   8.6320745e-01   8.5490661e-01   8.4706252e-01   8.3986939e-01   8.3354046e-01   8.2829248e-01   8.2432512e-01   8.2179789e-01   8.2080758e-01   8.2136911e-01   8.2340378e-01   8.2673835e-01   8.3111745e-01   8.3622960e-01   8.4174398e-01   8.4735230e-01   8.5280851e-01   8.5795954e-01   8.6276228e-01   8.6728499e-01   8.7169408e-01   8.7622922e-01   8.8117028e-01   8.8679970e-01   8.9336343e-01   9.0103366e-01   9.0987654e-01   9.1982890e-01   9.3068807e-01   9.4211805e-01   9.5367361e-01   9.6484034e-01   9.7508526e-01   9.8390993e-01   9.9089689e-01   9.9574242e-01   9.9827180e-01   9.9843747e-01   9.9630361e-01   9.9202234e-01   9.8580701e-01   9.7790656e-01   9.6858378e-01   9.5809859e-01   9.4669632e-01   9.3460055e-01   9.2200934e-01   9.0909420e-01   8.9600055e-01   8.8284941e-01   8.6973948e-01   8.5674942e-01   8.4394018e-01   8.3135701e-01   8.1903147e-01   8.0698310e-01   7.9522096e-01   7.8374512e-01   7.7254799e-01   7.6161573e-01   7.5092957e-01
   9.2358000e-03   1.2298761e-02   1.5849195e-02   1.9896185e-02   2.4447852e-02   2.9511888e-02   3.5095829e-02   4.1207202e-02   4.7853600e-02   5.5042704e-02   6.2782284e-02   7.1080162e-02   7.9944173e-02   8.9382091e-02   9.9401553e-02   1.1000996e-01   1.2121437e-01   1.3302136e-01   1.4543689e-01   1.5846617e-01   1.7211342e-01   1.8638179e-01   2.0127308e-01   2.1678756e-01   2.3292380e-01   2.4967844e-01   2.6704603e-01   2.8501884e-01   3.0358676e-01   3.2273725e-01   3.4245534e-01   3.6272377e-01   3.8352327e-01   4.0483297e-01   4.2663109e-01   4.4889575e-01   4.7160613e-01   4.9474377e-01   5.1829406e-01   5.4224761e-01   5.6660136e-01   5.9135860e-01   6.1652721e-01   6.4211427e-01   6.6811524e-01   6.9449426e-01   7.2115237e-01   7.4788022e-01   7.7429542e-01   7.9977185e-01   8.2338315e-01   8.4390112e-01   8.5990165e-01   8.7001116e-01   8.7325929e-01   8.6941211e-01   8.5912524e-01   8.4383315e-01   8.2542913e-01   8.0587705e-01   7.8689477e-01   7.6978637e-01   7.5542055e-01   7.4429967e-01   7.3665839e-01   7.3255301e-01   7.3192658e-01   7.3464975e-01   7.4054283e-01   7.4938493e-01   7.6091535e-01   7.7483059e-01   7.9077952e-01   8.0835854e-01   8.2710851e-01   8.4651508e-01   8.6601470e-01   8.8500850e-01   9.0288629e-01   9.1906176e-01   9.3301803e-01   9.4435883e-01   9.5285680e-01   9.5848682e-01   9.6143236e-01   9.6205788e-01   9.6084959e-01   9.5833781e-01   9.5502035e-01   9.5130502e-01   9.4748082e-01   9.4371680e-01   9.4008047e-01   9.3656616e-01   9.3312606e-01   9.2969946e-01   9.2623808e-01   9.2272537e-01   9.1918895e-01   9.1570543e-01   9.1239773e-01   9.0942582e-01   9.0697208e-01   9.0522322e-01   9.0435061e-01   9.0449128e-01   9.0573168e-01   9.0809587e-01   9.1153965e-01   9.1595099e-01   9.2115666e-01   9.2693403e-01   9.3302657e-01   9.3916108e-01   9.4506499e-01   9.5048196e-01   9.5518495e-01   9.5898586e-01   9.6174187e-01   9.6335854e-01   9.6379015e-01   9.6303790e-01   9.6114620e-01   9.5819766e-01   9.5430681e-01   9.4961305e-01   9.4427297e-01   9.3845279e-01   9.3232128e-01   9.2604397e-01   9.1977852e-01   9.1367134e-01   9.0785533e-01   9.0244832e-01   8.9755210e-01   8.9325036e-01   8.8960429e-01   8.8664459e-01   8.8436133e-01   8.8269486e-01   8.8153228e-01   8.8071266e-01   8.8004183e-01   8.7931437e-01   8.7833862e-01   8.7695984e-01   8.7507762e-01   8.7265565e-01   8.6972371e-01   8.6637353e-01   8.6275048e-01   8.5904335e-01   8.5547365e-01   8.5228549e-01   8.4973605e-01   8.4808638e-01   8.4759188e-01   8.4849160e-01   8.5099577e-01   8.5527085e-01   8.6142248e-01   8.6947708e-01   8.7936396e-01   8.9090083e-01   9.0378649e-01   9.1760415e-01   9.3183838e-01   9.4590616e-01   9.5919949e-01   9.7113438e-01   9.8119847e-01   9.8898984e-01   9.9424123e-01   9.9682727e-01   9.9675597e-01   9.9414816e-01   9.8921031e-01   9.8220552e-01   9.7342674e-01   9.6317449e-01   9.5174007e-01   9.3939426e-01   9.2638055e-01   9.1291208e-01   8.9917121e-01   8.8531069e-01   8.7145597e-01   8.5770781e-01   8.4414515e-01   8.3082776e-01   8.1779872e-01   8.0508665e-01   7.9270763e-01   7.8066698e-01   7.6896079e-01   7.5757744e-01
   9.3656285e-03   1.2487231e-02   1.6106503e-02   2.0232186e-02   2.4872001e-02   3.0033171e-02   3.5722686e-02   4.1947442e-02   4.8714299e-02   5.6030106e-02   6.3901678e-02   7.2335754e-02   8.1338945e-02   9.0917647e-02   1.0107796e-01   1.1182555e-01   1.2316558e-01   1.3510252e-01   1.4764002e-01   1.6078075e-01   1.7452622e-01   1.8887662e-01   2.0383058e-01   2.1938508e-01   2.3553516e-01   2.5227384e-01   2.6959194e-01   2.8747798e-01   3.0591813e-01   3.2489623e-01   3.4439389e-01   3.6439072e-01   3.8486468e-01   4.0579263e-01   4.2715101e-01   4.4891677e-01   4.7106847e-01   4.9358748e-01   5.1645934e-01   5.3967485e-01   5.6323087e-01   5.8713007e-01   6.1137900e-01   6.3598322e-01   6.6093796e-01   6.8621203e-01   7.1172274e-01   7.3729954e-01   7.6263628e-01   7.8723638e-01   8.1036378e-01   8.3102433e-01   8.4801271e-01   8.6005671e-01   8.6606079e-01   8.6539408e-01   8.5811682e-01   8.4504388e-01   8.2761411e-01   8.0762007e-01   7.8689659e-01   7.6706342e-01   7.4937981e-01   7.3471504e-01   7.2359737e-01   7.1629439e-01   7.1289111e-01   7.1335041e-01   7.1755293e-01   7.2531941e-01   7.3641988e-01   7.5057375e-01   7.6744409e-01   7.8662850e-01   8.0764886e-01   8.2994261e-01   8.5285890e-01   8.7566426e-01   8.9756350e-01   9.1774139e-01   9.3542791e-01   9.4998361e-01   9.6099080e-01   9.6832624e-01   9.7218647e-01   9.7304699e-01   9.7156011e-01   9.6842291e-01   9.6425929e-01   9.5954882e-01   9.5460856e-01   9.4961198e-01   9.4462409e-01   9.3963953e-01   9.3461858e-01   9.2951938e-01   9.2432426e-01   9.1905795e-01   9.1379656e-01   9.0866752e-01   9.0384184e-01   8.9952052e-01   8.9591716e-01   8.9323874e-01   8.9166642e-01   8.9133825e-01   8.9233501e-01   8.9467078e-01   8.9828877e-01   9.0306279e-01   9.0880415e-01   9.1527314e-01   9.2219384e-01   9.2927077e-01   9.3620586e-01   9.4271437e-01   9.4853850e-01   9.5345825e-01   9.5729901e-01   9.5993607e-01   9.6129617e-01   9.6135672e-01   9.6014279e-01   9.5772244e-01   9.5420045e-01   9.4971078e-01   9.4440817e-01   9.3845938e-01   9.3203518e-01   9.2530385e-01   9.1842664e-01   9.1155524e-01   9.0483101e-01   8.9838563e-01   8.9234286e-01   8.8681997e-01   8.8192623e-01   8.7775602e-01   8.7437587e-01   8.7180824e-01   8.7001724e-01   8.6890205e-01   8.6830178e-01   8.6801221e-01   8.6781163e-01   8.6749045e-01   8.6687879e-01   8.6586729e-01   8.6441862e-01   8.6256941e-01   8.6042460e-01   8.5814645e-01   8.5594107e-01   8.5404424e-01   8.5270759e-01   8.5218556e-01   8.5272283e-01   8.5454170e-01   8.5782905e-01   8.6272257e-01   8.6929651e-01   8.7754784e-01   8.8738439e-01   8.9861698e-01   9.1095804e-01   9.2402884e-01   9.3737644e-01   9.5050019e-01   9.6288542e-01   9.7404037e-01   9.8353148e-01   9.9101211e-01   9.9624103e-01   9.9908927e-01   9.9953568e-01   9.9765366e-01   9.9359225e-01   9.8755487e-01   9.7977864e-01   9.7051614e-01   9.6002065e-01   9.4853528e-01   9.3628555e-01   9.2347504e-01   9.1028339e-01   8.9686591e-01   8.8335449e-01   8.6985897e-01   8.5646907e-01   8.4325628e-01   8.3027574e-01   8.1756805e-01   8.0516082e-01   7.9307009e-01   7.8130168e-01   7.6985233e-01
   9.0573156e-03   1.2035537e-02   1.5486311e-02   1.9419232e-02   2.3843012e-02   2.8766016e-02   3.4196549e-02   4.0143021e-02   4.6614024e-02   5.3618376e-02   6.1165128e-02   6.9263552e-02   7.7923107e-02   8.7153395e-02   9.6964090e-02   1.0736487e-01   1.1836532e-01   1.2997484e-01   1.4220249e-01   1.5505692e-01   1.6854615e-01   1.8267747e-01   1.9745726e-01   2.1289079e-01   2.2898208e-01   2.4573370e-01   2.6314666e-01   2.8122022e-01   2.9995187e-01   3.1933728e-01   3.3937037e-01   3.6004352e-01   3.8134790e-01   4.0327399e-01   4.2581234e-01   4.4895454e-01   4.7269440e-01   4.9702922e-01   5.2196109e-01   5.4749762e-01   5.7365154e-01   6.0043791e-01   6.2786689e-01   6.5592913e-01   6.8456968e-01   7.1364521e-01   7.4286088e-01   7.7168784e-01   7.9927624e-01   8.2440202e-01   8.4551236e-01   8.6093801e-01   8.6928181e-01   8.6986788e-01   8.6303413e-01   8.5009796e-01   8.3301369e-01   8.1390321e-01   7.9465974e-01   7.7673547e-01   7.6111141e-01   7.4837871e-01   7.3885410e-01   7.3268144e-01   7.2990254e-01   7.3049844e-01   7.3440815e-01   7.4153262e-01   7.5172944e-01   7.6480226e-01   7.8048734e-01   7.9843925e-01   8.1821758e-01   8.3927704e-01   8.6096423e-01   8.8252537e-01   9.0312966e-01   9.2191267e-01   9.3804137e-01   9.5079718e-01   9.5966572e-01   9.6441413e-01   9.6513324e-01   9.6222691e-01   9.5634639e-01   9.4828746e-01   9.3888139e-01   9.2890747e-01   9.1903720e-01   9.0980338e-01   9.0158285e-01   8.9458961e-01   8.8888127e-01   8.8438185e-01   8.8091798e-01   8.7826182e-01   8.7617319e-01   8.7443549e-01   8.7288247e-01   8.7141504e-01   8.7000834e-01   8.6870989e-01   8.6763003e-01   8.6692601e-01   8.6678146e-01   8.6738322e-01   8.6889797e-01   8.7145104e-01   8.7510965e-01   8.7987237e-01   8.8566565e-01   8.9234762e-01   8.9971804e-01   9.0753304e-01   9.1552252e-01   9.2340818e-01   9.3092052e-01   9.3781342e-01   9.4387556e-01   9.4893841e-01   9.5288097e-01   9.5563144e-01   9.5716658e-01   9.5750877e-01   9.5672142e-01   9.5490274e-01   9.5217825e-01   9.4869247e-01   9.4460051e-01   9.4006057e-01   9.3522797e-01   9.3025099e-01   9.2526824e-01   9.2040723e-01   9.1578412e-01   9.1150414e-01   9.0766116e-01   9.0433460e-01   9.0158210e-01   8.9942925e-01   8.9785969e-01   8.9681005e-01   8.9617265e-01   8.9580698e-01   8.9555786e-01   8.9527692e-01   8.9484341e-01   8.9418104e-01   8.9326845e-01   8.9214311e-01   8.9089878e-01   8.8967833e-01   8.8866316e-01   8.8806059e-01   8.8809012e-01   8.8896884e-01   8.9089621e-01   8.9403825e-01   8.9851134e-01   9.0436661e-01   9.1157607e-01   9.2002246e-01   9.2949524e-01   9.3969460e-01   9.5024506e-01   9.6071839e-01   9.7066405e-01   9.7964329e-01   9.8726244e-01   9.9320046e-01   9.9722742e-01   9.9921207e-01   9.9911915e-01   9.9699824e-01   9.9296746e-01   9.8719475e-01   9.7987959e-01   9.7123682e-01   9.6148351e-01   9.5082918e-01   9.3946924e-01   9.2758089e-01   9.1532131e-01   9.0282717e-01   8.9021523e-01   8.7758354e-01   8.6501293e-01   8.5256859e-01   8.4030168e-01   8.2825079e-01   8.1644325e-01   8.0489637e-01   7.9361855e-01   7.8261027e-01   7.7186512e-01   7.6137082e-01
   9.2748105e-03   1.2348981e-02   1.5912390e-02   1.9974275e-02   2.4542919e-02   2.9626169e-02   3.5231713e-02   4.1367227e-02   4.8040438e-02   5.5259153e-02   6.3031239e-02   7.1364593e-02   8.0267080e-02   8.9746458e-02   9.9810284e-02   1.1046580e-01   1.2171982e-01   1.3357856e-01   1.4604749e-01   1.5913118e-01   1.7283306e-01   1.8715525e-01   2.0209831e-01   2.1766104e-01   2.3384026e-01   2.5063054e-01   2.6802403e-01   2.8601026e-01   3.0457601e-01   3.2370525e-01   3.4337914e-01   3.6357618e-01   3.8427252e-01   4.0544242e-01   4.2705896e-01   4.4909506e-01   4.7152471e-01   4.9432448e-01   5.1747531e-01   5.4096432e-01   5.6478641e-01   5.8894520e-01   6.1345242e-01   6.3832440e-01   6.6357380e-01   6.8919381e-01   7.1513140e-01   7.4124641e-01   7.6725489e-01   7.9266130e-01   8.1669540e-01   8.3828693e-01   8.5612623e-01   8.6885245e-01   8.7536316e-01   8.7515520e-01   8.6854681e-01   8.5666633e-01   8.4121281e-01   8.2410122e-01   8.0712867e-01   7.9175571e-01   7.7902770e-01   7.6960292e-01   7.6383167e-01   7.6184117e-01   7.6360311e-01   7.6897819e-01   7.7774037e-01   7.8958646e-01   8.0413661e-01   8.2093022e-01   8.3942158e-01   8.5897861e-01   8.7888876e-01   8.9837561e-01   9.1662948e-01   9.3285411e-01   9.4632802e-01   9.5647534e-01   9.6293474e-01   9.6561136e-01   9.6469570e-01   9.6063972e-01   9.5409218e-01   9.4580867e-01   9.3655952e-01   9.2705479e-01   9.1789381e-01   9.0953500e-01   9.0227968e-01   8.9626770e-01   8.9148711e-01   8.8779918e-01   8.8497593e-01   8.8274365e-01   8.8082567e-01   8.7897878e-01   8.7702034e-01   8.7484528e-01   8.7243306e-01   8.6984585e-01   8.6721912e-01   8.6474627e-01   8.6265862e-01   8.6120270e-01   8.6061647e-01   8.6110650e-01   8.6282782e-01   8.6586831e-01   8.7023886e-01   8.7587009e-01   8.8261584e-01   8.9026267e-01   8.9854440e-01   9.0715986e-01   9.1579214e-01   9.2412747e-01   9.3187237e-01   9.3876779e-01   9.4459995e-01   9.4920733e-01   9.5248443e-01   9.5438226e-01   9.5490623e-01   9.5411160e-01   9.5209682e-01   9.4899484e-01   9.4496297e-01   9.4017210e-01   9.3479665e-01   9.2900693e-01   9.2296449e-01   9.1682028e-01   9.1071463e-01   9.0477868e-01   8.9913719e-01   8.9391214e-01   8.8922425e-01   8.8518860e-01   8.8190272e-01   8.7942913e-01   8.7777816e-01   8.7689721e-01   8.7667089e-01   8.7693305e-01   8.7748865e-01   8.7814131e-01   8.7872140e-01   8.7910969e-01   8.7925322e-01   8.7917195e-01   8.7895666e-01   8.7875980e-01   8.7878141e-01   8.7925216e-01   8.8041466e-01   8.8250415e-01   8.8572866e-01   8.9024937e-01   8.9616170e-01   9.0347844e-01   9.1211688e-01   9.2189220e-01   9.3251955e-01   9.4362637e-01   9.5477522e-01   9.6549532e-01   9.7531911e-01   9.8381885e-01   9.9063792e-01   9.9551286e-01   9.9828379e-01   9.9889349e-01   9.9737707e-01   9.9384525e-01   9.8846490e-01   9.8143933e-01   9.7299075e-01   9.6334585e-01   9.5272491e-01   9.4133433e-01   9.2936202e-01   9.1697508e-01   9.0431920e-01   8.9151910e-01   8.7867974e-01   8.6588788e-01   8.5321379e-01   8.4071292e-01   8.2842751e-01   8.1638806e-01   8.0461461e-01   7.9311796e-01   7.8190076e-01   7.7095855e-01
   9.5781785e-03   1.2781083e-02   1.6494897e-02   2.0728102e-02   2.5488083e-02   3.0781638e-02   3.6615237e-02   4.2995145e-02   4.9927479e-02   5.7418200e-02   6.5473085e-02   7.4097667e-02   8.3297151e-02   9.3076316e-02   1.0343940e-01   1.1438995e-01   1.2593070e-01   1.3806339e-01   1.5078857e-01   1.6410546e-01   1.7801171e-01   1.9250321e-01   2.0757390e-01   2.2321556e-01   2.3941762e-01   2.5616704e-01   2.7344816e-01   2.9124266e-01   3.0952955e-01   3.2828532e-01   3.4748413e-01   3.6709824e-01   3.8709859e-01   4.0745556e-01   4.2814004e-01   4.4912477e-01   4.7038587e-01   4.9190475e-01   5.1367014e-01   5.3568013e-01   5.5794409e-01   5.8048382e-01   6.0333336e-01   6.2653624e-01   6.5013850e-01   6.7417518e-01   6.9864701e-01   7.2348406e-01   7.4849348e-01   7.7329234e-01   7.9723456e-01   8.1935571e-01   8.3837756e-01   8.5282407e-01   8.6127910e-01   8.6274879e-01   8.5700260e-01   8.4473300e-01   8.2744839e-01   8.0714786e-01   7.8591663e-01   7.6558566e-01   7.4754240e-01   7.3269850e-01   7.2156025e-01   7.1433662e-01   7.1104030e-01   7.1156337e-01   7.1572592e-01   7.2330263e-01   7.3403383e-01   7.4762643e-01   7.6374881e-01   7.8202228e-01   8.0201166e-01   8.2321704e-01   8.4506921e-01   8.6693224e-01   8.8811684e-01   9.0790842e-01   9.2561256e-01   9.4061666e-01   9.5246116e-01   9.6090620e-01   9.6597440e-01   9.6795193e-01   9.6733967e-01   9.6476395e-01   9.6087165e-01   9.5623961e-01   9.5131889e-01   9.4641717e-01   9.4170914e-01   9.3726158e-01   9.3306397e-01   9.2906053e-01   9.2518136e-01   9.2137009e-01   9.1760523e-01   9.1391316e-01   9.1037211e-01   9.0710739e-01   9.0427958e-01   9.0206741e-01   9.0064758e-01   9.0017416e-01   9.0075966e-01   9.0246007e-01   9.0526550e-01   9.0909721e-01   9.1381134e-01   9.1920846e-01   9.2504756e-01   9.3106279e-01   9.3698086e-01   9.4253750e-01   9.4749160e-01   9.5163626e-01   9.5480637e-01   9.5688292e-01   9.5779433e-01   9.5751535e-01   9.5606398e-01   9.5349683e-01   9.4990329e-01   9.4539867e-01   9.4011678e-01   9.3420248e-01   9.2780499e-01   9.2107254e-01   9.1414896e-01   9.0717195e-01   9.0027307e-01   8.9357908e-01   8.8721449e-01   8.8130361e-01   8.7596998e-01   8.7133012e-01   8.6748059e-01   8.6448001e-01   8.6233082e-01   8.6096642e-01   8.6024895e-01   8.5997992e-01   8.5992270e-01   8.5983287e-01   8.5949008e-01   8.5872570e-01   8.5744158e-01   8.5561840e-01   8.5331426e-01   8.5065612e-01   8.4782705e-01   8.4505198e-01   8.4258384e-01   8.4069066e-01   8.3964389e-01   8.3970716e-01   8.4112488e-01   8.4410974e-01   8.4882877e-01   8.5538772e-01   8.6381470e-01   8.7404445e-01   8.8590570e-01   8.9911477e-01   9.1327841e-01   9.2790843e-01   9.4244877e-01   9.5631326e-01   9.6892982e-01   9.7978479e-01   9.8846087e-01   9.9466309e-01   9.9823000e-01   9.9913012e-01   9.9744642e-01   9.9335303e-01   9.8708875e-01   9.7893118e-01   9.6917411e-01   9.5810956e-01   9.4601484e-01   9.3314414e-01   9.1972389e-01   9.0595100e-01   8.9199309e-01   8.7799000e-01   8.6405595e-01   8.5028209e-01   8.3673893e-01   8.2347879e-01   8.1053794e-01   7.9793851e-01   7.8569028e-01   7.7379218e-01
   9.3237143e-03   1.2431872e-02   1.6036093e-02   2.0145276e-02   2.4767369e-02   2.9909867e-02   3.5580069e-02   4.1785216e-02   4.8532547e-02   5.5829319e-02   6.3682789e-02   7.2100169e-02   8.1088566e-02   9.0654898e-02   1.0080579e-01   1.1154747e-01   1.2288561e-01   1.3482522e-01   1.4737042e-01   1.6052431e-01   1.7428875e-01   1.8866415e-01   2.0364924e-01   2.1924088e-01   2.3543376e-01   2.5222027e-01   2.6959022e-01   2.8753071e-01   3.0602598e-01   3.2505738e-01   3.4460340e-01   3.6463977e-01   3.8513988e-01   4.0607518e-01   4.2741594e-01   4.4913225e-01   4.7119522e-01   4.9357854e-01   5.1626017e-01   5.3922417e-01   5.6246235e-01   5.8597529e-01   6.0977212e-01   6.3386781e-01   6.5827633e-01   6.8299745e-01   7.0799412e-01   7.3315743e-01   7.5825712e-01   7.8287999e-01   8.0636690e-01   8.2777382e-01   8.4589735e-01   8.5940922e-01   8.6711547e-01   8.6828811e-01   8.6294382e-01   8.5193480e-01   8.3680168e-01   8.1945525e-01   8.0181723e-01   7.8553894e-01   7.7185885e-01   7.6159003e-01   7.5518604e-01   7.5283075e-01   7.5451819e-01   7.6010919e-01   7.6936481e-01   7.8196137e-01   7.9749307e-01   8.1546747e-01   8.3529883e-01   8.5630374e-01   8.7770413e-01   8.9864288e-01   9.1821713e-01   9.3553320e-01   9.4978226e-01   9.6032985e-01   9.6680296e-01   9.6915202e-01   9.6766474e-01   9.6292031e-01   9.5569287e-01   9.4683287e-01   9.3716047e-01   9.2739126e-01   9.1809385e-01   9.0966782e-01   9.0233530e-01   8.9614791e-01   8.9101190e-01   8.8672902e-01   8.8304509e-01   8.7969726e-01   8.7645336e-01   8.7314014e-01   8.6966006e-01   8.6599759e-01   8.6221676e-01   8.5845189e-01   8.5489295e-01   8.5176732e-01   8.4931934e-01   8.4778911e-01   8.4739206e-01   8.4830059e-01   8.5062924e-01   8.5442420e-01   8.5965813e-01   8.6623036e-01   8.7397239e-01   8.8265795e-01   8.9201659e-01   9.0174954e-01   9.1154636e-01   9.2110127e-01   9.3012790e-01   9.3837178e-01   9.4562025e-01   9.5170945e-01   9.5652869e-01   9.6002226e-01   9.6218897e-01   9.6307950e-01   9.6279151e-01   9.6146253e-01   9.5926064e-01   9.5637348e-01   9.5299661e-01   9.4932242e-01   9.4553076e-01   9.4178124e-01   9.3820682e-01   9.3490872e-01   9.3195312e-01   9.2937074e-01   9.2715906e-01   9.2528665e-01   9.2369868e-01   9.2232424e-01   9.2108643e-01   9.1991531e-01   9.1876201e-01   9.1761152e-01   9.1649132e-01   9.1547460e-01   9.1467759e-01   9.1425171e-01   9.1437159e-01   9.1521996e-01   9.1697035e-01   9.1976836e-01   9.2371270e-01   9.2883729e-01   9.3509644e-01   9.4235539e-01   9.5038879e-01   9.5888881e-01   9.6748356e-01   9.7576436e-01   9.8331871e-01   9.8976411e-01   9.9477766e-01   9.9811749e-01   9.9963342e-01   9.9926714e-01   9.9704339e-01   9.9305529e-01   9.8744674e-01   9.8039481e-01   9.7209390e-01   9.6274279e-01   9.5253491e-01   9.4165163e-01   9.3025821e-01   9.1850167e-01   9.0651030e-01   8.9439399e-01   8.8224524e-01   8.7014054e-01   8.5814176e-01   8.4629758e-01   8.3464484e-01   8.2320977e-01   8.1200912e-01   8.0105115e-01   7.9033664e-01   7.7985984e-01   7.6960942e-01   7.5956953e-01   7.4972087e-01   7.4004182e-01   7.3050965e-01   7.2110157e-01
   9.3365889e-03   1.2444245e-02   1.6047412e-02   2.0155105e-02   2.4775355e-02   2.9915731e-02   3.5583608e-02   4.1786303e-02   4.8531137e-02   5.5825452e-02   6.3676590e-02   7.2091847e-02   8.1078416e-02   9.0643293e-02   1.0079318e-01   1.1153438e-01   1.2287263e-01   1.3481298e-01   1.4735959e-01   1.6051558e-01   1.7428283e-01   1.8866170e-01   2.0365091e-01   2.1924721e-01   2.3544521e-01   2.5223715e-01   2.6961267e-01   2.8755863e-01   3.0605902e-01   3.2509486e-01   3.4464427e-01   3.6468257e-01   3.8518264e-01   4.0611537e-01   4.2745040e-01   4.4915710e-01   4.7120573e-01   4.9356903e-01   5.1622385e-01   5.3915295e-01   5.6234667e-01   5.8580390e-01   6.0953194e-01   6.3354389e-01   6.5785218e-01   6.8245596e-01   7.0731951e-01   7.3233897e-01   7.5729522e-01   7.8179520e-01   8.0521124e-01   8.2664191e-01   8.4493186e-01   8.5879331e-01   8.6704701e-01   8.6893945e-01   8.6442176e-01   8.5425961e-01   8.3991508e-01   8.2325293e-01   8.0619097e-01   7.9041177e-01   7.7720317e-01   7.6742821e-01   7.6157911e-01   7.5986147e-01   7.6227250e-01   7.6865774e-01   7.7874463e-01   7.9215750e-01   8.0842016e-01   8.2695221e-01   8.4706511e-01   8.6796398e-01   8.8876149e-01   9.0851000e-01   9.2625654e-01   9.4112116e-01   9.5239191e-01   9.5962053e-01   9.6269455e-01   9.6186075e-01   9.5768532e-01   9.5095691e-01   9.4256072e-01   9.3335977e-01   9.2410832e-01   9.1540109e-01   9.0764908e-01   9.0107369e-01   8.9571844e-01   8.9147882e-01   8.8814686e-01   8.8546232e-01   8.8316153e-01   8.8101739e-01   8.7886725e-01   8.7662833e-01   8.7430157e-01   8.7196602e-01   8.6976571e-01   8.6789108e-01   8.6655709e-01   8.6598006e-01   8.6635517e-01   8.6783644e-01   8.7052091e-01   8.7443809e-01   8.7954534e-01   8.8572951e-01   8.9281402e-01   9.0057062e-01   9.0873427e-01   9.1701973e-01   9.2513825e-01   9.3281300e-01   9.3979240e-01   9.4586063e-01   9.5084518e-01   9.5462133e-01   9.5711409e-01   9.5829771e-01   9.5819309e-01   9.5686353e-01   9.5440878e-01   9.5095773e-01   9.4666009e-01   9.4167783e-01   9.3617725e-01   9.3032267e-01   9.2427207e-01   9.1817477e-01   9.1217067e-01   9.0639089e-01   9.0095911e-01   8.9599225e-01   8.9159782e-01   8.8786633e-01   8.8485869e-01   8.8259187e-01   8.8102779e-01   8.8006994e-01   8.7957038e-01   8.7934660e-01   8.7920512e-01   8.7896746e-01   8.7849357e-01   8.7769907e-01   8.7656453e-01   8.7513663e-01   8.7352268e-01   8.7188058e-01   8.7040618e-01   8.6931971e-01   8.6885207e-01   8.6923141e-01   8.7066977e-01   8.7334975e-01   8.7741103e-01   8.8293691e-01   8.8994169e-01   8.9836001e-01   9.0803989e-01   9.1874138e-01   9.3014245e-01   9.4185314e-01   9.5343771e-01   9.6444299e-01   9.7442974e-01   9.8300325e-01   9.8983886e-01   9.9469959e-01   9.9744417e-01   9.9802557e-01   9.9648171e-01   9.9292083e-01   9.8750414e-01   9.8042821e-01   9.7190889e-01   9.6216788e-01   9.5142227e-01   9.3987712e-01   9.2772066e-01   9.1512167e-01   9.0222850e-01   8.8916924e-01   8.7605261e-01   8.6296932e-01   8.4999361e-01   8.3718487e-01   8.2458911e-01   8.1224046e-01   8.0016237e-01   7.8836888e-01   7.7686559e-01   7.6565077e-01
   9.1807240e-03   1.2220638e-02   1.5743949e-02   1.9759745e-02   2.4276156e-02   2.9300885e-02   3.4841491e-02   4.0905536e-02   4.7500669e-02   5.4634656e-02   6.2315382e-02   7.0550831e-02   7.9349049e-02   8.8718089e-02   9.8665945e-02   1.0920048e-01   1.2032931e-01   1.3205974e-01   1.4439863e-01   1.5735225e-01   1.7092618e-01   1.8512516e-01   1.9995295e-01   2.1541216e-01   2.3150414e-01   2.4822885e-01   2.6558472e-01   2.8356860e-01   3.0217570e-01   3.2139965e-01   3.4123253e-01   3.6166513e-01   3.8268721e-01   4.0428795e-01   4.2645653e-01   4.4918280e-01   4.7245809e-01   4.9627595e-01   5.2063276e-01   5.4552774e-01   5.7096185e-01   5.9693482e-01   6.2343869e-01   6.5044612e-01   6.7789083e-01   7.0563725e-01   7.3343713e-01   7.6087390e-01   7.8730267e-01   8.1180681e-01   8.3320773e-01   8.5017363e-01   8.6145350e-01   8.6620157e-01   8.6427723e-01   8.5637545e-01   8.4391370e-01   8.2872727e-01   8.1270590e-01   7.9750165e-01   7.8437705e-01   7.7418822e-01   7.6745025e-01   7.6442726e-01   7.6521040e-01   7.6976992e-01   7.7798119e-01   7.8963032e-01   8.0440587e-01   8.2188303e-01   8.4150596e-01   8.6257458e-01   8.8424316e-01   9.0553860e-01   9.2540657e-01   9.4279015e-01   9.5673849e-01   9.6653107e-01   9.7179010e-01   9.7254644e-01   9.6923146e-01   9.6259166e-01   9.5355463e-01   9.4309261e-01   9.3211830e-01   9.2141804e-01   9.1160773e-01   9.0310250e-01   8.9610483e-01   8.9061878e-01   8.8648911e-01   8.8345520e-01   8.8120750e-01   8.7943708e-01   8.7787377e-01   8.7631166e-01   8.7462315e-01   8.7276323e-01   8.7076593e-01   8.6873478e-01   8.6682878e-01   8.6524524e-01   8.6420067e-01   8.6391122e-01   8.6457346e-01   8.6634707e-01   8.6934033e-01   8.7359944e-01   8.7910242e-01   8.8575801e-01   8.9340950e-01   9.0184314e-01   9.1080034e-01   9.1999239e-01   9.2911662e-01   9.3787242e-01   9.4597616e-01   9.5317398e-01   9.5925175e-01   9.6404207e-01   9.6742828e-01   9.6934561e-01   9.6977990e-01   9.6876419e-01   9.6637350e-01   9.6271797e-01   9.5793491e-01   9.5217985e-01   9.4561763e-01   9.3841424e-01   9.3073039e-01   9.2271734e-01   9.1451519e-01   9.0625377e-01   8.9805628e-01   8.9004579e-01   8.8235334e-01   8.7512538e-01   8.6852702e-01   8.6273834e-01   8.5794291e-01   8.5431003e-01   8.5197375e-01   8.5101258e-01   8.5143377e-01   8.5316554e-01   8.5605982e-01   8.5990653e-01   8.6445809e-01   8.6946074e-01   8.7468740e-01   8.7996609e-01   8.8519890e-01   8.9036868e-01   8.9553275e-01   9.0080559e-01   9.0633367e-01   9.1226644e-01   9.1872743e-01   9.2578897e-01   9.3345354e-01   9.4164368e-01   9.5020173e-01   9.5889934e-01   9.6745535e-01   9.7555962e-01   9.8289942e-01   9.8918478e-01   9.9416965e-01   9.9766669e-01   9.9955466e-01   9.9977896e-01   9.9834637e-01   9.9531593e-01   9.9078764e-01   9.8489082e-01   9.7777312e-01   9.6959100e-01   9.6050215e-01   9.5065964e-01   9.4020794e-01   9.2928026e-01   9.1799717e-01   9.0646601e-01   8.9478095e-01   8.8302341e-01   8.7126284e-01   8.5955745e-01   8.4795511e-01   8.3649419e-01   8.2520436e-01   8.1410731e-01   8.0321746e-01   7.9254264e-01   7.8208468e-01   7.7184013e-01
   9.3677323e-03   1.2492028e-02   1.6115127e-02   2.0246044e-02   2.4892810e-02   3.0062988e-02   3.5763941e-02   4.2002959e-02   4.8787324e-02   5.6124309e-02   6.4021164e-02   7.2485054e-02   8.1522994e-02   9.1141753e-02   1.0134774e-01   1.1214687e-01   1.2354441e-01   1.3554484e-01   1.4815161e-01   1.6136698e-01   1.7519179e-01   1.8962519e-01   2.0466442e-01   2.2030457e-01   2.3653825e-01   2.5335543e-01   2.7074313e-01   2.8868528e-01   3.0716255e-01   3.2615227e-01   3.4562850e-01   3.6556220e-01   3.8592155e-01   4.0667254e-01   4.2777978e-01   4.4920761e-01   4.7092152e-01   4.9288989e-01   5.1508600e-01   5.3749027e-01   5.6009233e-01   5.8289286e-01   6.0590420e-01   6.2914913e-01   6.5265606e-01   6.7644885e-01   7.0052848e-01   7.2484375e-01   7.4924834e-01   7.7344463e-01   7.9691990e-01   8.1889205e-01   8.3829564e-01   8.5384954e-01   8.6423823e-01   8.6839651e-01   8.6581883e-01   8.5676807e-01   8.4228518e-01   8.2399541e-01   8.0379445e-01   7.8352739e-01   7.6475193e-01   7.4862671e-01   7.3591092e-01   7.2702935e-01   7.2215705e-01   7.2129530e-01   7.2432770e-01   7.3105591e-01   7.4121874e-01   7.5449931e-01   7.7052409e-01   7.8885740e-01   8.0899400e-01   8.3035275e-01   8.5227465e-01   8.7402924e-01   8.9483399e-01   9.1389085e-01   9.3044234e-01   9.4384473e-01   9.5364882e-01   9.5967088e-01   9.6203162e-01   9.6114444e-01   9.5764826e-01   9.5230047e-01   9.4586060e-01   9.3899642e-01   9.3222904e-01   9.2591495e-01   9.2025248e-01   9.1530246e-01   9.1101810e-01   9.0728191e-01   9.0394593e-01   9.0086985e-01   8.9795178e-01   8.9514829e-01   8.9248274e-01   8.9004244e-01   8.8796648e-01   8.8642677e-01   8.8560496e-01   8.8566848e-01   8.8674833e-01   8.8892130e-01   8.9219856e-01   8.9652134e-01   9.0176392e-01   9.0774292e-01   9.1423117e-01   9.2097433e-01   9.2770815e-01   9.3417478e-01   9.4013678e-01   9.4538814e-01   9.4976215e-01   9.5313611e-01   9.5543335e-01   9.5662292e-01   9.5671741e-01   9.5576913e-01   9.5386493e-01   9.5111973e-01   9.4766921e-01   9.4366188e-01   9.3925149e-01   9.3459013e-01   9.2982256e-01   9.2508156e-01   9.2048421e-01   9.1612900e-01   9.1209378e-01   9.0843416e-01   9.0518136e-01   9.0233890e-01   8.9987888e-01   8.9773981e-01   8.9582895e-01   8.9403046e-01   8.9221904e-01   8.9027655e-01   8.8810843e-01   8.8565705e-01   8.8291016e-01   8.7990428e-01   8.7672334e-01   8.7349411e-01   8.7037938e-01   8.6757017e-01   8.6527738e-01   8.6372313e-01   8.6313157e-01   8.6371870e-01   8.6568061e-01   8.6917998e-01   8.7433063e-01   8.8118085e-01   8.8969680e-01   8.9974828e-01   9.1109981e-01   9.2341025e-01   9.3624363e-01   9.4909236e-01   9.6141164e-01   9.7266123e-01   9.8234868e-01   9.9006726e-01   9.9552304e-01   9.9854768e-01   9.9909677e-01   9.9723610e-01   9.9312001e-01   9.8696617e-01   9.7903077e-01   9.6958669e-01   9.5890620e-01   9.4724839e-01   9.3485104e-01   9.2192610e-01   9.0865804e-01   8.9520399e-01   8.8169517e-01   8.6823896e-01   8.5492124e-01   8.4180877e-01   8.2895138e-01   8.1638402e-01   8.0412855e-01   7.9219532e-01   7.8058466e-01   7.6928823e-01   7.5829038e-01   7.4756957e-01
   9.2290795e-03   1.2290029e-02   1.5838049e-02   1.9882131e-02   2.4430291e-02   2.9490094e-02   3.5068933e-02   4.1174176e-02   4.7813239e-02   5.4993612e-02   6.2722859e-02   7.1008590e-02   7.9858418e-02   8.9279897e-02   9.9280453e-02   1.0986730e-01   1.2104732e-01   1.3282701e-01   1.4521230e-01   1.5820846e-01   1.7181996e-01   1.8605035e-01   2.0090208e-01   2.1637642e-01   2.3247331e-01   2.4919128e-01   2.6652734e-01   2.8447702e-01   3.0303438e-01   3.2219215e-01   3.4194194e-01   3.6227461e-01   3.8318081e-01   4.0465168e-01   4.2667969e-01   4.4925980e-01   4.7239058e-01   4.9607555e-01   5.2032408e-01   5.4515187e-01   5.7057983e-01   5.9663044e-01   6.2331953e-01   6.5064049e-01   6.7853715e-01   7.0686049e-01   7.3530555e-01   7.6332958e-01   7.9006547e-01   8.1426712e-01   8.3435116e-01   8.4860726e-01   8.5559703e-01   8.5463558e-01   8.4612932e-01   8.3156701e-01   8.1315228e-01   7.9326346e-01   7.7398260e-01   7.5684612e-01   7.4282276e-01   7.3242761e-01   7.2587176e-01   7.2318813e-01   7.2431522e-01   7.2914211e-01   7.3752508e-01   7.4928548e-01   7.6419598e-01   7.8195983e-01   8.0218677e-01   8.2436885e-01   8.4786064e-01   8.7187040e-01   8.9547072e-01   9.1763852e-01   9.3733205e-01   9.5360460e-01   9.6574000e-01   9.7337712e-01   9.7658013e-01   9.7582018e-01   9.7186656e-01   9.6562675e-01   9.5799496e-01   9.4975059e-01   9.4150908e-01   9.3370405e-01   9.2658612e-01   9.2023731e-01   9.1460349e-01   9.0954011e-01   9.0486145e-01   9.0038427e-01   8.9596067e-01   8.9149890e-01   8.8697321e-01   8.8242476e-01   8.7795577e-01   8.7371870e-01   8.6990206e-01   8.6671416e-01   8.6436582e-01   8.6305312e-01   8.6294133e-01   8.6415069e-01   8.6674528e-01   8.7072549e-01   8.7602484e-01   8.8251123e-01   8.8999276e-01   8.9822741e-01   9.0693587e-01   9.1581650e-01   9.2456102e-01   9.3286985e-01   9.4046595e-01   9.4710650e-01   9.5259165e-01   9.5677046e-01   9.5954382e-01   9.6086475e-01   9.6073630e-01   9.5920726e-01   9.5636598e-01   9.5233249e-01   9.4724932e-01   9.4127165e-01   9.3455810e-01   9.2726310e-01   9.1953198e-01   9.1149907e-01   9.0328862e-01   8.9501876e-01   8.8680845e-01   8.7878677e-01   8.7110189e-01   8.6392577e-01   8.5745114e-01   8.5187938e-01   8.4740110e-01   8.4417282e-01   8.4229397e-01   8.4178825e-01   8.4259302e-01   8.4455972e-01   8.4746690e-01   8.5104525e-01   8.5501120e-01   8.5910360e-01   8.6311681e-01   8.6692482e-01   8.7049285e-01   8.7387588e-01   8.7720584e-01   8.8067049e-01   8.8448750e-01   8.8887684e-01   8.9403398e-01   9.0010579e-01   9.0717063e-01   9.1522414e-01   9.2417181e-01   9.3382951e-01   9.4393250e-01   9.5415249e-01   9.6412132e-01   9.7345868e-01   9.8180062e-01   9.8882531e-01   9.9427313e-01   9.9795926e-01   9.9977812e-01   9.9970058e-01   9.9776535e-01   9.9406679e-01   9.8874110e-01   9.8195263e-01   9.7388146e-01   9.6471307e-01   9.5463020e-01   9.4380701e-01   9.3240512e-01   9.2057131e-01   9.0843641e-01   8.9611517e-01   8.8370661e-01   8.7129485e-01   8.5895010e-01   8.4672970e-01   8.3467920e-01   8.2283332e-01   8.1121694e-01   7.9984592e-01   7.8872792e-01   7.7786323e-01
